{
  "type": "FeatureCollection",
  "features": [
    {
      "type": "Feature",
      "geometry": {
        "type": "MultiPolygon",
        "coordinates": [
          [
            [
              [
                2.137566917,
                48.863751272
              ],
              [
                2.073042766,
                48.856415614
              ],
              [
                2.090573066,
                48.804735614
              ],
              [
                2.15297527,
                48.812317417
              ],
              [
                2.137566917,
                48.863751272
              ]
            ]
          ]
        ]
      },
      "properties": {
        "id": "g-px-grand-parc-nord-1-2024",
        "nom": "Grand Parc Nord 1",
        "date_debut": "02-02-2024",
        "date_fin": "02-02-2054",
        "type": "permis d'exploitation",
        "domaine": "géothermie",
        "statut": "valide",
        "substances": [
          "gîtes géothermiques basse température"
        ],
        "surface_totale": 27.72,
        "communes": [
          "Bailly",
          "Bougival",
          "La Celle-Saint-Cloud",
          "Le Chesnay-Rocquencourt",
          "Louveciennes",
          "Marly-le-Roi",
          "Versailles",
          "Marnes-la-Coquette",
          "Ville-d'Avray"
        ],
        "surface_par_communes": [
          {
            "nom": "Bailly",
            "surface": 3
          },
          {
            "nom": "Bougival",
            "surface": 1
          },
          {
            "nom": "La Celle-Saint-Cloud",
            "surface": 4
          },
          {
            "nom": "Le Chesnay-Rocquencourt",
            "surface": 7
          },
          {
            "nom": "Louveciennes",
            "surface": 3
          },
          {
            "nom": "Marly-le-Roi",
            "surface": 2
          },
          {
            "nom": "Versailles",
            "surface": 7
          },
          {
            "nom": "Marnes-la-Coquette",
            "surface": 0
          },
          {
            "nom": "Ville-d'Avray",
            "surface": 0
          }
        ],
        "forets": [],
        "facades_maritimes": [],
        "departements": [
          "Hauts-de-Seine",
          "Yvelines"
        ],
        "regions": [
          "Île-de-France"
        ],
        "administrations_noms": [
          "Direction régionale et interdépartementale de l'environnement, de l'aménagement et des transports (DRIEAT) - Île-de-France",
          "Préfecture - Yvelines",
          "Préfecture - Hauts-de-Seine",
          "Ministère de l'Economie, des Finances et de la Relance & Ministère de la Transition écologique"
        ],
        "titulaires_noms": [
          "ENGIE ENERGIE SERVICES (ENGIE E.S.)"
        ],
        "titulaires_legal": [
          "552046955"
        ],
        "amodiataires_noms": [],
        "amodiataires_legal": [],
        "references": []
      }
    },
    {
      "type": "Feature",
      "geometry": {
        "type": "MultiPolygon",
        "coordinates": [
          [
            [
              [
                2.137566917,
                48.863751272
              ],
              [
                2.073042766,
                48.856415614
              ],
              [
                2.090573066,
                48.804735614
              ],
              [
                2.15297527,
                48.812317417
              ],
              [
                2.137566917,
                48.863751272
              ]
            ]
          ]
        ]
      },
      "properties": {
        "id": "g-px-grand-parc-nord-2-2024",
        "nom": "Grand Parc Nord 2",
        "date_debut": "02-02-2024",
        "date_fin": "02-02-2054",
        "type": "permis d'exploitation",
        "domaine": "géothermie",
        "statut": "valide",
        "substances": [
          "gîtes géothermiques basse température"
        ],
        "surface_totale": 27.72,
        "communes": [
          "Bailly",
          "Bougival",
          "La Celle-Saint-Cloud",
          "Le Chesnay-Rocquencourt",
          "Louveciennes",
          "Marly-le-Roi",
          "Versailles",
          "Marnes-la-Coquette",
          "Ville-d'Avray"
        ],
        "surface_par_communes": [
          {
            "nom": "Bailly",
            "surface": 3
          },
          {
            "nom": "Bougival",
            "surface": 1
          },
          {
            "nom": "La Celle-Saint-Cloud",
            "surface": 4
          },
          {
            "nom": "Le Chesnay-Rocquencourt",
            "surface": 7
          },
          {
            "nom": "Louveciennes",
            "surface": 3
          },
          {
            "nom": "Marly-le-Roi",
            "surface": 2
          },
          {
            "nom": "Versailles",
            "surface": 7
          },
          {
            "nom": "Marnes-la-Coquette",
            "surface": 0
          },
          {
            "nom": "Ville-d'Avray",
            "surface": 0
          }
        ],
        "forets": [],
        "facades_maritimes": [],
        "departements": [
          "Hauts-de-Seine",
          "Yvelines"
        ],
        "regions": [
          "Île-de-France"
        ],
        "administrations_noms": [
          "Direction régionale et interdépartementale de l'environnement, de l'aménagement et des transports (DRIEAT) - Île-de-France",
          "Préfecture - Yvelines",
          "Préfecture - Hauts-de-Seine",
          "Ministère de l'Economie, des Finances et de la Relance & Ministère de la Transition écologique"
        ],
        "titulaires_noms": [
          "ENGIE ENERGIE SERVICES (ENGIE E.S.)"
        ],
        "titulaires_legal": [
          "552046955"
        ],
        "amodiataires_noms": [],
        "amodiataires_legal": [],
        "references": []
      }
    },
    {
      "type": "Feature",
      "geometry": {
        "type": "MultiPolygon",
        "coordinates": [
          [
            [
              [
                2.485277782,
                46.413055552
              ],
              [
                2.485277779,
                46.305000001
              ],
              [
                2.362499997,
                46.251111108
              ],
              [
                2.362499996,
                46.233055558
              ],
              [
                2.516388893,
                46.216111111
              ],
              [
                2.516388884,
                46.11111111
              ],
              [
                2.206944446,
                46.196944445
              ],
              [
                2.206944444,
                46.359166663
              ],
              [
                2.485277782,
                46.413055552
              ]
            ]
          ]
        ]
      },
      "properties": {
        "id": "g-pr-combrailles-en-marche-2017",
        "nom": "Combrailles en Marche",
        "date_debut": "26-10-2017",
        "date_fin": "26-10-2025",
        "type": "permis exclusif de recherches",
        "domaine": "géothermie",
        "statut": "échu",
        "substances": [
          "gîtes géothermiques haute température"
        ],
        "surface_totale": 515.99,
        "communes": [
          "Archignat",
          "Chambérat",
          "La Chapelaude",
          "Huriel",
          "Lamaids",
          "Quinssaines",
          "Saint-Martinien",
          "Saint-Sauvier",
          "Treignat",
          "Auge",
          "Bord-Saint-Georges",
          "Boussac",
          "Boussac-Bourg",
          "Budelière",
          "La Celle-sous-Gouzon",
          "Chambon-sur-Voueize",
          "Chambonchard",
          "Évaux-les-Bains",
          "Fontanières",
          "Gouzon",
          "Lavaufranche",
          "Lépaud",
          "Leyrat",
          "Lussat",
          "Nouhant",
          "Reterre",
          "Sannat",
          "Soumans",
          "Saint-Julien-la-Genête",
          "Saint-Pierre-le-Bost",
          "Saint-Silvain-Bas-le-Roc",
          "Saint-Silvain-sous-Toulx",
          "Tardes",
          "Toulx-Sainte-Croix",
          "Trois-Fonds",
          "Verneiges",
          "Viersat"
        ],
        "surface_par_communes": [
          {
            "nom": "Archignat",
            "surface": 25
          },
          {
            "nom": "Chambérat",
            "surface": 6
          },
          {
            "nom": "La Chapelaude",
            "surface": 1
          },
          {
            "nom": "Huriel",
            "surface": 18
          },
          {
            "nom": "Lamaids",
            "surface": 8
          },
          {
            "nom": "Quinssaines",
            "surface": 5
          },
          {
            "nom": "Saint-Martinien",
            "surface": 25
          },
          {
            "nom": "Saint-Sauvier",
            "surface": 6
          },
          {
            "nom": "Treignat",
            "surface": 29
          },
          {
            "nom": "Auge",
            "surface": 10
          },
          {
            "nom": "Bord-Saint-Georges",
            "surface": 32
          },
          {
            "nom": "Boussac",
            "surface": 2
          },
          {
            "nom": "Boussac-Bourg",
            "surface": 11
          },
          {
            "nom": "Budelière",
            "surface": 12
          },
          {
            "nom": "La Celle-sous-Gouzon",
            "surface": 8
          },
          {
            "nom": "Chambon-sur-Voueize",
            "surface": 31
          },
          {
            "nom": "Chambonchard",
            "surface": 0
          },
          {
            "nom": "Évaux-les-Bains",
            "surface": 32
          },
          {
            "nom": "Fontanières",
            "surface": 2
          },
          {
            "nom": "Gouzon",
            "surface": 23
          },
          {
            "nom": "Lavaufranche",
            "surface": 16
          },
          {
            "nom": "Lépaud",
            "surface": 14
          },
          {
            "nom": "Leyrat",
            "surface": 17
          },
          {
            "nom": "Lussat",
            "surface": 41
          },
          {
            "nom": "Nouhant",
            "surface": 23
          },
          {
            "nom": "Reterre",
            "surface": 2
          },
          {
            "nom": "Sannat",
            "surface": 9
          },
          {
            "nom": "Soumans",
            "surface": 37
          },
          {
            "nom": "Saint-Julien-la-Genête",
            "surface": 12
          },
          {
            "nom": "Saint-Pierre-le-Bost",
            "surface": 0
          },
          {
            "nom": "Saint-Silvain-Bas-le-Roc",
            "surface": 10
          },
          {
            "nom": "Saint-Silvain-sous-Toulx",
            "surface": 1
          },
          {
            "nom": "Tardes",
            "surface": 4
          },
          {
            "nom": "Toulx-Sainte-Croix",
            "surface": 24
          },
          {
            "nom": "Trois-Fonds",
            "surface": 10
          },
          {
            "nom": "Verneiges",
            "surface": 8
          },
          {
            "nom": "Viersat",
            "surface": 2
          }
        ],
        "forets": [],
        "facades_maritimes": [],
        "departements": [
          "Allier",
          "Creuse"
        ],
        "regions": [
          "Auvergne-Rhône-Alpes",
          "Nouvelle-Aquitaine"
        ],
        "administrations_noms": [
          "Direction régionale de l'environnement, de l'aménagement et du logement (DREAL) - Auvergne-Rhône-Alpes",
          "Direction régionale de l'environnement, de l'aménagement et du logement (DREAL) - Nouvelle-Aquitaine",
          "Préfecture - Allier",
          "Préfecture - Creuse",
          "Ministère de l'Economie, des Finances et de la Relance & Ministère de la Transition écologique"
        ],
        "titulaires_noms": [
          "TLS GEOTHERMICS",
          "STORENGY"
        ],
        "titulaires_legal": [
          "789594306",
          "833718653"
        ],
        "amodiataires_noms": [],
        "amodiataires_legal": [],
        "references": [
          "DGEC: PG-A023"
        ]
      }
    },
    {
      "type": "Feature",
      "geometry": {
        "type": "MultiPolygon",
        "coordinates": [
          [
            [
              [
                2.479074415,
                48.592830956
              ],
              [
                2.534357806,
                48.589170952
              ],
              [
                2.611706111,
                48.520543929
              ],
              [
                2.674187292,
                48.530161783
              ],
              [
                2.766521125,
                48.48557654
              ],
              [
                2.847921398,
                48.388714463
              ],
              [
                2.907996514,
                48.390169666
              ],
              [
                3.466669186,
                48.522446279
              ],
              [
                3.50773677,
                48.508689334
              ],
              [
                3.472658283,
                48.468944159
              ],
              [
                3.259849572,
                48.428739771
              ],
              [
                3.205951564,
                48.384959137
              ],
              [
                3.091340607,
                48.388857128
              ],
              [
                3.096340702,
                48.369574839
              ],
              [
                3.240852323,
                48.317860505
              ],
              [
                3.311649971,
                48.227929624
              ],
              [
                3.311536484,
                48.087426852
              ],
              [
                3.32917322,
                48.005930449
              ],
              [
                3.398833421,
                47.982811249
              ],
              [
                3.366256004,
                47.968728427
              ],
              [
                3.305934949,
                47.99239244
              ],
              [
                3.274912968,
                48.079612766
              ],
              [
                3.24523297,
                48.236487398
              ],
              [
                3.180251219,
                48.300484056
              ],
              [
                3.066042709,
                48.340493652
              ],
              [
                2.866035568,
                48.361379206
              ],
              [
                2.697596443,
                48.291290714
              ],
              [
                2.734514836,
                48.208099736
              ],
              [
                2.797176162,
                48.11493013
              ],
              [
                2.755367378,
                48.02855508
              ],
              [
                2.700710619,
                48.013177178
              ],
              [
                2.754341562,
                48.088754437
              ],
              [
                2.692534713,
                48.225599397
              ],
              [
                2.652605945,
                48.290153785
              ],
              [
                2.796019809,
                48.378118312
              ],
              [
                2.728440164,
                48.390894333
              ],
              [
                2.742960254,
                48.451563016
              ],
              [
                2.634219177,
                48.501066733
              ],
              [
                2.483284553,
                48.55509239
              ],
              [
                2.479074415,
                48.592830956
              ]
            ]
          ],
          [
            [
              [
                2.706415525,
                48.901155371
              ],
              [
                2.691762654,
                48.945081537
              ],
              [
                2.87900781,
                48.960308463
              ],
              [
                2.914493265,
                49.015941667
              ],
              [
                3.028792205,
                49.015291556
              ],
              [
                3.053149314,
                48.991508722
              ],
              [
                3.027244063,
                48.963326354
              ],
              [
                3.12752333,
                48.965769733
              ],
              [
                3.183243266,
                49.000174713
              ],
              [
                3.285891409,
                48.976352088
              ],
              [
                3.427327897,
                49.049315431
              ],
              [
                3.404978714,
                48.998191401
              ],
              [
                3.30458129,
                48.948613383
              ],
              [
                3.01965976,
                48.950822931
              ],
              [
                2.937274874,
                48.937318286
              ],
              [
                2.827778021,
                48.887097381
              ],
              [
                2.712603144,
                48.866890519
              ],
              [
                2.603388376,
                48.852579652
              ],
              [
                2.597756282,
                48.880302606
              ],
              [
                2.706415525,
                48.901155371
              ]
            ]
          ],
          [
            [
              [
                0.361017104,
                49.433082051
              ],
              [
                0.400683498,
                49.450836438
              ],
              [
                0.481760038,
                49.446524192
              ],
              [
                0.539267955,
                49.50719337
              ],
              [
                0.725703479,
                49.526075013
              ],
              [
                0.836603396,
                49.46607528
              ],
              [
                0.86149266,
                49.492017456
              ],
              [
                0.954408329,
                49.479304812
              ],
              [
                0.974542925,
                49.397625551
              ],
              [
                1.1151856,
                49.394278817
              ],
              [
                1.134917863,
                49.340962989
              ],
              [
                1.248267991,
                49.317737918
              ],
              [
                1.298692218,
                49.275394524
              ],
              [
                1.400590266,
                49.242234911
              ],
              [
                1.401375348,
                49.191196053
              ],
              [
                1.4357043,
                49.1686433
              ],
              [
                1.527648417,
                49.081181366
              ],
              [
                1.676640649,
                49.087863036
              ],
              [
                1.701989557,
                49.065366411
              ],
              [
                1.703436196,
                49.015272196
              ],
              [
                1.758517149,
                48.982939771
              ],
              [
                1.944882926,
                49.013709332
              ],
              [
                2.031298529,
                48.978873381
              ],
              [
                2.033709792,
                49.040813067
              ],
              [
                2.139077721,
                49.070224684
              ],
              [
                2.20808591,
                49.113025568
              ],
              [
                2.248391252,
                49.172102636
              ],
              [
                2.360232366,
                49.167309605
              ],
              [
                2.375487902,
                49.216767122
              ],
              [
                2.519449244,
                49.300698806
              ],
              [
                2.736729151,
                49.349052441
              ],
              [
                2.801052672,
                49.416991015
              ],
              [
                2.824287009,
                49.406067223
              ],
              [
                2.731070206,
                49.310391768
              ],
              [
                2.611801409,
                49.297904819
              ],
              [
                2.495054637,
                49.270924178
              ],
              [
                2.413980867,
                49.202036061
              ],
              [
                2.383276726,
                49.148298068
              ],
              [
                2.288457505,
                49.144851533
              ],
              [
                2.190523945,
                49.065835999
              ],
              [
                2.086924924,
                49.001968393
              ],
              [
                2.197654487,
                48.98445203
              ],
              [
                2.150230971,
                48.907761268
              ],
              [
                2.114968384,
                48.861049181
              ],
              [
                2.106865783,
                48.960933794
              ],
              [
                2.038876224,
                48.922752569
              ],
              [
                2.00032687,
                48.931830021
              ],
              [
                1.976696596,
                48.980324048
              ],
              [
                1.815080665,
                48.955473393
              ],
              [
                1.635785999,
                48.974368293
              ],
              [
                1.444950309,
                49.096955615
              ],
              [
                1.329256437,
                49.147274496
              ],
              [
                1.328074238,
                49.186428114
              ],
              [
                1.208536194,
                49.197842764
              ],
              [
                1.212329663,
                49.129589223
              ],
              [
                1.307580938,
                49.101174346
              ],
              [
                1.427132426,
                48.988877145
              ],
              [
                1.502144571,
                48.891270847
              ],
              [
                1.463204639,
                48.847256073
              ],
              [
                1.381661999,
                48.816841475
              ],
              [
                1.466591331,
                48.701886974
              ],
              [
                1.500972172,
                48.695459577
              ],
              [
                1.638191973,
                48.569660688
              ],
              [
                1.589145085,
                48.514656328
              ],
              [
                1.487875231,
                48.447579135
              ],
              [
                1.519929748,
                48.394395419
              ],
              [
                1.427288873,
                48.360766378
              ],
              [
                1.203499565,
                48.440788507
              ],
              [
                1.212254926,
                48.487670953
              ],
              [
                1.457649133,
                48.401820615
              ],
              [
                1.480670256,
                48.410213056
              ],
              [
                1.480604408,
                48.479067473
              ],
              [
                1.578704409,
                48.55820097
              ],
              [
                1.532799296,
                48.641262734
              ],
              [
                1.442507523,
                48.677088749
              ],
              [
                1.318647919,
                48.798265373
              ],
              [
                1.314510128,
                48.823556739
              ],
              [
                1.378439594,
                48.862137544
              ],
              [
                1.458558424,
                48.889074146
              ],
              [
                1.395305451,
                48.935509312
              ],
              [
                1.355690843,
                49.014549345
              ],
              [
                1.278325233,
                49.036091476
              ],
              [
                1.275687998,
                49.059276323
              ],
              [
                1.145697657,
                49.159245102
              ],
              [
                1.125724308,
                49.218438696
              ],
              [
                1.189113622,
                49.279750999
              ],
              [
                1.051883286,
                49.265402434
              ],
              [
                0.988457194,
                49.301176686
              ],
              [
                1.064924457,
                49.372873263
              ],
              [
                0.966302909,
                49.341741903
              ],
              [
                0.735105335,
                49.44481686
              ],
              [
                0.58694179,
                49.46161731
              ],
              [
                0.422186864,
                49.401874599
              ],
              [
                0.326089757,
                49.414146355
              ],
              [
                0.361017104,
                49.433082051
              ]
            ]
          ]
        ]
      },
      "properties": {
        "id": "c-zs-bassin-de-la-seine-1969",
        "nom": "Bassin de la Seine",
        "date_debut": "18-04-1969",
        "date_fin": "",
        "type": "zone spéciale de carrières",
        "domaine": "carrières",
        "statut": "valide",
        "substances": [
          "sables et graviers alluvionnaires"
        ],
        "surface_totale": 2890.52,
        "communes": [
          "Azy-sur-Marne",
          "Bézu-le-Guéry",
          "Bonneil",
          "Brasles",
          "Charly-sur-Marne",
          "Château-Thierry",
          "Chézy-sur-Marne",
          "Chierry",
          "Crouttes-sur-Marne",
          "Essômes-sur-Marne",
          "Étampes-sur-Marne",
          "Nesles-la-Montagne",
          "Nogentel",
          "Nogent-l'Artaud",
          "Pavant",
          "Romeny-sur-Marne",
          "Saulchery",
          "Courceroy",
          "Fontenay-de-Bossery",
          "Le Mériot",
          "La Motte-Tilly",
          "Nogent-sur-Seine",
          "Saint-Nicolas-la-Chapelle",
          "Acquigny",
          "Aigleville",
          "Ailly",
          "Alizay",
          "Amfreville-sous-les-Monts",
          "Amfreville-sur-Iton",
          "Andé",
          "Les Andelys",
          "Le Val d'Hazey",
          "Autheuil-Authouillet",
          "Barneville-sur-Seine",
          "Les Trois Lacs",
          "Berville-sur-Mer",
          "Boncourt",
          "Bouafles",
          "Bouquelon",
          "Breuilpont",
          "Bueil",
          "Caillouet-Orgeville",
          "Cailly-sur-Eure",
          "Caumont",
          "Chambray",
          "Connelles",
          "Conteville",
          "Courcelles-sur-Seine",
          "Courdemanche",
          "Criquebeuf-sur-Seine",
          "Croisy-sur-Eure",
          "Clef Vallée d'Eure",
          "Croth",
          "Les Damps",
          "Daubeuf-près-Vatteville",
          "Épieds",
          "Ézy-sur-Eure",
          "Fains",
          "Fatouville-Grestain",
          "Fontaine-Bellenger",
          "Fontaine-sous-Jouy",
          "Foulbec",
          "Gadencourt",
          "Gaillon",
          "Garennes-sur-Eure",
          "Gasny",
          "Giverny",
          "Hardencourt-Cocherel",
          "La Haye-le-Comte",
          "Hécourt",
          "Herqueville",
          "Heudebouville",
          "Heudreville-sur-Eure",
          "Houlbec-Cocherel",
          "Igoville",
          "Incarville",
          "Irreville",
          "Ivry-la-Bataille",
          "Jouy-sur-Eure",
          "Le Landin",
          "Léry",
          "Louviers",
          "Louye",
          "Le Manoir",
          "Marais-Vernier",
          "Marcilly-sur-Eure",
          "Martot",
          "Ménilles",
          "Merey",
          "Le Mesnil-Jourdain",
          "Terres de Bord",
          "Muids",
          "Muzy",
          "Neuilly",
          "Notre-Dame-de-l'Isle",
          "Pacy-sur-Eure",
          "Pinterville",
          "Pîtres",
          "Le Plessis-Hébert",
          "Pont-de-l'Arche",
          "Porte-de-Seine",
          "Port-Mort",
          "Poses",
          "Pressagny-l'Orgueilleux",
          "Quillebeuf-sur-Seine",
          "Reuilly",
          "Romilly-sur-Andelle",
          "La Roquette",
          "Rouvray",
          "Saint-Aubin-sur-Gaillon",
          "Saint-Aubin-sur-Quillebeuf",
          "Le Vaudreuil",
          "Saint-Étienne-du-Vauvray",
          "Saint-Étienne-sous-Bailleul",
          "Sainte-Geneviève-lès-Gasny",
          "Saint-Georges-Motel",
          "La Chapelle-Longueville",
          "Saint-Marcel",
          "Sainte-Opportune-la-Mare",
          "Saint-Pierre-de-Bailleul",
          "Saint-Pierre-du-Val",
          "Saint-Pierre-du-Vauvray",
          "Saint-Pierre-la-Garenne",
          "Saint-Samson-de-la-Roque",
          "Saint-Vigor",
          "Le Thuit",
          "Vatteville",
          "Vaux-sur-Eure",
          "Les Trois Lacs",
          "Vernon",
          "Vézillon",
          "Villers-sur-le-Roule",
          "Villiers-en-Désœuvre",
          "Vironvay",
          "Val-de-Reuil",
          "Abondant",
          "Amilly",
          "Anet",
          "Bailleau-Armenonville",
          "Barjouville",
          "Billancelles",
          "Boncourt",
          "Bréchamps",
          "Champhol",
          "Charpont",
          "Chartainvilliers",
          "Chartres",
          "Chaudon",
          "Chauffours",
          "La Chaussée-d'Ivry",
          "Cherisy",
          "Chuisnes",
          "Coltainville",
          "Le Coudray",
          "Coulombs",
          "Courville-sur-Eure",
          "Croisilles",
          "Dreux",
          "Écluzelles",
          "Fontaine-la-Guyon",
          "Fontenay-sur-Eure",
          "Gas",
          "Gasville-Oisème",
          "Gellainville",
          "Gilles",
          "Guainville",
          "Hanches",
          "Houx",
          "Jouy",
          "Landelles",
          "Lèves",
          "Lormaye",
          "Luisant",
          "Luray",
          "Maintenon",
          "Meslay-le-Grenet",
          "Le Mesnil-Simon",
          "Mévoisins",
          "Mézières-en-Drouais",
          "Mignières",
          "Montreuil",
          "Morancez",
          "Nogent-le-Roi",
          "Nogent-sur-Eure",
          "Ollé",
          "Orrouer",
          "Ouerre",
          "Oulins",
          "Pierres",
          "Saint-Arnoult-des-Bois",
          "Saint-Aubin-des-Bois",
          "Sainte-Gemme-Moronval",
          "Saint-Georges-sur-Eure",
          "Saint-Germain-le-Gaillard",
          "Saint-Luperce",
          "Saint-Martin-de-Nigelles",
          "Saint-Piat",
          "Saint-Prest",
          "Saussay",
          "Sorel-Moussel",
          "Soulaires",
          "Thivars",
          "Ver-lès-Chartres",
          "Villemeux-sur-Eure",
          "Villiers-le-Morhier",
          "Yermenonville",
          "Cepoy",
          "Châlette-sur-Loing",
          "Corquilleroy",
          "Dordives",
          "Ferrières-en-Gâtinais",
          "Fontenay-sur-Loing",
          "Girolles",
          "Nargis",
          "Pannes",
          "Paucourt",
          "Les Ageux",
          "Armancourt",
          "Beaurepaire",
          "Boran-sur-Oise",
          "Brenouille",
          "Chambly",
          "Chevrières",
          "Compiègne",
          "Creil",
          "Gouvieux",
          "Houdancourt",
          "Jaux",
          "Lacroix-Saint-Ouen",
          "Lamorlaye",
          "Longueil-Sainte-Marie",
          "Le Mesnil-en-Thelle",
          "Le Meux",
          "Montataire",
          "Nogent-sur-Oise",
          "Pontpoint",
          "Pont-Sainte-Maxence",
          "Précy-sur-Oise",
          "Rhuis",
          "Rieux",
          "Rivecourt",
          "Roberval",
          "Saint-Leu-d'Esserent",
          "Saint-Maximin",
          "Thiverny",
          "Venette",
          "Verberie",
          "Verneuil-en-Halatte",
          "Villers-Saint-Paul",
          "Villers-sous-Saint-Leu",
          "Anneville-Ambourville",
          "Les Authieux-sur-le-Port-Saint-Ouen",
          "Bardouville",
          "Belbeuf",
          "Berville-sur-Seine",
          "La Bouille",
          "Canteleu",
          "Rives-en-Seine",
          "Caudebec-lès-Elbeuf",
          "La Cerlangue",
          "Cléon",
          "Duclair",
          "Elbeuf",
          "La Frénaye",
          "Freneuse",
          "Gouy",
          "Grand-Couronne",
          "Le Grand-Quevilly",
          "Hautot-sur-Seine",
          "Hénouville",
          "Heurteauville",
          "Jumièges",
          "Lillebonne",
          "Arelaune-en-Seine",
          "Mauny",
          "Le Mesnil-sous-Jumièges",
          "Moulineaux",
          "Norville",
          "Notre-Dame-de-Bliquetuit",
          "Port-Jérôme-sur-Seine",
          "Oissel-sur-Seine",
          "Orival",
          "Petit-Couronne",
          "Petiville",
          "Quevillon",
          "Sahurs",
          "Saint-Arnoult",
          "Saint-Aubin-lès-Elbeuf",
          "Saint-Étienne-du-Rouvray",
          "Saint-Martin-de-Boscherville",
          "Saint-Maurice-d'Ételan",
          "Saint-Pierre-de-Manneville",
          "Saint-Pierre-de-Varengeville",
          "Saint-Pierre-lès-Elbeuf",
          "Sotteville-sous-le-Val",
          "Tourville-la-Rivière",
          "Le Trait",
          "Val-de-la-Haye",
          "Vatteville-la-Rue",
          "Yainville",
          "Ymare",
          "Yville-sur-Seine",
          "Annet-sur-Marne",
          "Armentières-en-Brie",
          "Avon",
          "Bagneaux-sur-Loing",
          "Balloy",
          "Barbey",
          "Bassevelle",
          "Bazoches-lès-Bray",
          "Bois-le-Roi",
          "Boissettes",
          "Boissise-la-Bertrand",
          "Boissise-le-Roi",
          "Bourron-Marlotte",
          "Boutigny",
          "Bray-sur-Seine",
          "La Brosse-Montceaux",
          "Brou-sur-Chantereine",
          "Bussières",
          "Cannes-Écluse",
          "Carnetin",
          "Cesson",
          "Chalifert",
          "Chalmaison",
          "Chambry",
          "Chamigny",
          "Champagne-sur-Seine",
          "Champs-sur-Marne",
          "Changis-sur-Marne",
          "Charmentray",
          "Chartrettes",
          "Château-Landon",
          "Châtenay-sur-Seine",
          "Chelles",
          "Chessy",
          "Citry",
          "Claye-Souilly",
          "Condé-Sainte-Libiaire",
          "Congis-sur-Thérouanne",
          "Couilly-Pont-aux-Dames",
          "Coupvray",
          "Courcelles-en-Bassée",
          "Crégy-lès-Meaux",
          "Dammarie-les-Lys",
          "Dampmart",
          "Darvault",
          "Égligny",
          "Esbly",
          "Esmans",
          "Everly",
          "Faÿ-lès-Nemours",
          "Féricy",
          "La Ferté-sous-Jouarre",
          "Fontainebleau",
          "Fontaine-le-Port",
          "Forges",
          "Fresnes-sur-Marne",
          "Fublaines",
          "La Genevraye",
          "Germigny-l'Évêque",
          "Gouaix",
          "Gouvernes",
          "La Grande-Paroisse",
          "Gravon",
          "Grez-sur-Loing",
          "Grisy-sur-Seine",
          "Héricy",
          "Hermé",
          "Isles-les-Meldeuses",
          "Isles-lès-Villenoy",
          "Jablines",
          "Jaignes",
          "Jaulnes",
          "Jouarre",
          "Lagny-sur-Marne",
          "Lesches",
          "Livry-sur-Seine",
          "Lizy-sur-Ourcq",
          "Luisetaines",
          "Luzancy",
          "La Madeleine-sur-Loing",
          "Mareuil-lès-Meaux",
          "Marolles-sur-Seine",
          "Mary-sur-Marne",
          "Meaux",
          "Melun",
          "Melz-sur-Seine",
          "Méry-sur-Marne",
          "Misy-sur-Yonne",
          "Montceaux-lès-Meaux",
          "Moncourt-Fromonville",
          "Montereau-Fault-Yonne",
          "Montévrain",
          "Montigny-sur-Loing",
          "Montry",
          "Moret-Loing-et-Orvanne",
          "Mousseaux-lès-Bray",
          "Mouy-sur-Seine",
          "Nandy",
          "Nanteuil-lès-Meaux",
          "Nanteuil-sur-Marne",
          "Nemours",
          "Chauconin-Neufmontiers",
          "Noisiel",
          "Noisy-Rudignon",
          "Noyen-sur-Seine",
          "Les Ormes-sur-Voulzie",
          "Poincy",
          "Poligny",
          "Pomponne",
          "Précy-sur-Marne",
          "Pringy",
          "Quincy-Voisins",
          "Reuil-en-Brie",
          "La Rochette",
          "Saâcy-sur-Marne",
          "Sainte-Aulde",
          "Saint-Fargeau-Ponthierry",
          "Saint-Germain-Laval",
          "Saint-Jean-les-Deux-Jumeaux",
          "Saint-Mammès",
          "Saint-Pierre-lès-Nemours",
          "Saint-Sauveur-lès-Bray",
          "Saint-Thibault-des-Vignes",
          "Salins",
          "Sammeron",
          "Samois-sur-Seine",
          "Samoreau",
          "Savigny-le-Temple",
          "Seine-Port",
          "Sept-Sorts",
          "Souppes-sur-Loing",
          "Tancrou",
          "Thomery",
          "Thorigny-sur-Marne",
          "La Tombe",
          "Torcy",
          "Trilbardou",
          "Trilport",
          "Ussy-sur-Marne",
          "Vaires-sur-Marne",
          "Varennes-sur-Seine",
          "Varreddes",
          "Vaux-le-Pénil",
          "Vernou-la-Celle-sur-Seine",
          "Vignely",
          "Villenoy",
          "Ville-Saint-Jacques",
          "Villiers-sur-Seine",
          "Vimpelles",
          "Vulaines-sur-Seine",
          "Achères",
          "Andrésy",
          "Aubergenville",
          "Bennecourt",
          "Bonnières-sur-Seine",
          "Bouafle",
          "Bougival",
          "Buchelay",
          "Carrières-sous-Poissy",
          "Chanteloup-les-Vignes",
          "Chapet",
          "Chatou",
          "Conflans-Sainte-Honorine",
          "Croissy-sur-Seine",
          "Ecquevilly",
          "Épône",
          "Évecquemont",
          "Flins-sur-Seine",
          "Follainville-Dennemont",
          "Freneuse",
          "Gargenville",
          "Gommecourt",
          "Guernes",
          "Guerville",
          "Hardricourt",
          "Issou",
          "Notre-Dame-de-la-Mer",
          "Jouy-Mauvoisin",
          "Juziers",
          "Limay",
          "Limetz-Villez",
          "Louveciennes",
          "Magnanville",
          "Maisons-Laffitte",
          "Mantes-la-Jolie",
          "Mantes-la-Ville",
          "Maurecourt",
          "Médan",
          "Méricourt",
          "Le Mesnil-le-Roi",
          "Meulan-en-Yvelines",
          "Mézières-sur-Seine",
          "Mézy-sur-Seine",
          "Moisson",
          "Montesson",
          "Mousseaux-sur-Seine",
          "Les Mureaux",
          "Le Pecq",
          "Perdreauville",
          "Poissy",
          "Porcheville",
          "Le Port-Marly",
          "Rolleboise",
          "Rosny-sur-Seine",
          "Saint-Germain-en-Laye",
          "Saint-Martin-la-Garenne",
          "Sartrouville",
          "Triel-sur-Seine",
          "Vaux-sur-Seine",
          "Verneuil-sur-Seine",
          "Vernouillet",
          "Le Vésinet",
          "La Villeneuve-en-Chevrie",
          "Villennes-sur-Seine",
          "Armeau",
          "Béon",
          "Cézy",
          "Champigny",
          "Chamvres",
          "La Chapelle-sur-Oreuse",
          "Chaumont",
          "Courlon-sur-Yonne",
          "Courtois-sur-Yonne",
          "Cuy",
          "Étigny",
          "Évry",
          "Gisy-les-Nobles",
          "Gron",
          "Joigny",
          "Maillot",
          "Malay-le-Grand",
          "Marsangy",
          "Michery",
          "Paron",
          "Passy",
          "Pont-sur-Yonne",
          "Rosoy",
          "Rousson",
          "Saint-Aubin-sur-Yonne",
          "Saint-Clément",
          "Saint-Denis-lès-Sens",
          "Saint-Julien-du-Sault",
          "Saint-Martin-du-Tertre",
          "Sens",
          "Serbonnes",
          "Soucy",
          "Véron",
          "Villeblevin",
          "Villecien",
          "Villemanoche",
          "Villenavotte",
          "Villeneuve-la-Guyard",
          "Villeneuve-sur-Yonne",
          "Villeperrot",
          "Villevallier",
          "Vinneuf",
          "Corbeil-Essonnes",
          "Le Coudray-Montceaux",
          "Morsang-sur-Seine",
          "Saint-Pierre-du-Perray",
          "Saintry-sur-Seine",
          "Asnières-sur-Oise",
          "Auvers-sur-Oise",
          "Beaumont-sur-Oise",
          "Bernes-sur-Oise",
          "Bruyères-sur-Oise",
          "Butry-sur-Oise",
          "Cergy",
          "Champagne-sur-Oise",
          "Chérence",
          "Cormeilles-en-Parisis",
          "Ennery",
          "Éragny-sur-Oise",
          "La Frette-sur-Seine",
          "Haute-Isle",
          "Herblay-sur-Seine",
          "L'Isle-Adam",
          "Jouy-le-Moutier",
          "Mériel",
          "Méry-sur-Oise",
          "Montigny-lès-Cormeilles",
          "Mours",
          "Neuville-sur-Oise",
          "Noisy-sur-Oise",
          "Osny",
          "Parmain",
          "Persan",
          "Pontoise",
          "Presles",
          "La Roche-Guyon",
          "Saint-Ouen-l'Aumône",
          "Valmondois",
          "Vauréal",
          "Vétheuil"
        ],
        "surface_par_communes": [
          {
            "nom": "Azy-sur-Marne",
            "surface": 3
          },
          {
            "nom": "Bézu-le-Guéry",
            "surface": 0
          },
          {
            "nom": "Bonneil",
            "surface": 1
          },
          {
            "nom": "Brasles",
            "surface": 0
          },
          {
            "nom": "Charly-sur-Marne",
            "surface": 7
          },
          {
            "nom": "Château-Thierry",
            "surface": 0
          },
          {
            "nom": "Chézy-sur-Marne",
            "surface": 10
          },
          {
            "nom": "Chierry",
            "surface": 0
          },
          {
            "nom": "Crouttes-sur-Marne",
            "surface": 4
          },
          {
            "nom": "Essômes-sur-Marne",
            "surface": 2
          },
          {
            "nom": "Étampes-sur-Marne",
            "surface": 1
          },
          {
            "nom": "Nesles-la-Montagne",
            "surface": 0
          },
          {
            "nom": "Nogentel",
            "surface": 5
          },
          {
            "nom": "Nogent-l'Artaud",
            "surface": 5
          },
          {
            "nom": "Pavant",
            "surface": 4
          },
          {
            "nom": "Romeny-sur-Marne",
            "surface": 4
          },
          {
            "nom": "Saulchery",
            "surface": 3
          },
          {
            "nom": "Courceroy",
            "surface": 6
          },
          {
            "nom": "Fontenay-de-Bossery",
            "surface": 0
          },
          {
            "nom": "Le Mériot",
            "surface": 8
          },
          {
            "nom": "La Motte-Tilly",
            "surface": 11
          },
          {
            "nom": "Nogent-sur-Seine",
            "surface": 7
          },
          {
            "nom": "Saint-Nicolas-la-Chapelle",
            "surface": 4
          },
          {
            "nom": "Acquigny",
            "surface": 15
          },
          {
            "nom": "Aigleville",
            "surface": 0
          },
          {
            "nom": "Ailly",
            "surface": 0
          },
          {
            "nom": "Alizay",
            "surface": 7
          },
          {
            "nom": "Amfreville-sous-les-Monts",
            "surface": 3
          },
          {
            "nom": "Amfreville-sur-Iton",
            "surface": 2
          },
          {
            "nom": "Andé",
            "surface": 5
          },
          {
            "nom": "Les Andelys",
            "surface": 0
          },
          {
            "nom": "Le Val d'Hazey",
            "surface": 5
          },
          {
            "nom": "Autheuil-Authouillet",
            "surface": 7
          },
          {
            "nom": "Barneville-sur-Seine",
            "surface": 2
          },
          {
            "nom": "Les Trois Lacs",
            "surface": 33
          },
          {
            "nom": "Berville-sur-Mer",
            "surface": 3
          },
          {
            "nom": "Boncourt",
            "surface": 0
          },
          {
            "nom": "Bouafles",
            "surface": 10
          },
          {
            "nom": "Bouquelon",
            "surface": 0
          },
          {
            "nom": "Breuilpont",
            "surface": 7
          },
          {
            "nom": "Bueil",
            "surface": 5
          },
          {
            "nom": "Caillouet-Orgeville",
            "surface": 0
          },
          {
            "nom": "Cailly-sur-Eure",
            "surface": 2
          },
          {
            "nom": "Caumont",
            "surface": 3
          },
          {
            "nom": "Chambray",
            "surface": 6
          },
          {
            "nom": "Connelles",
            "surface": 4
          },
          {
            "nom": "Conteville",
            "surface": 9
          },
          {
            "nom": "Courcelles-sur-Seine",
            "surface": 6
          },
          {
            "nom": "Courdemanche",
            "surface": 0
          },
          {
            "nom": "Criquebeuf-sur-Seine",
            "surface": 15
          },
          {
            "nom": "Croisy-sur-Eure",
            "surface": 4
          },
          {
            "nom": "Clef Vallée d'Eure",
            "surface": 13
          },
          {
            "nom": "Croth",
            "surface": 7
          },
          {
            "nom": "Les Damps",
            "surface": 5
          },
          {
            "nom": "Daubeuf-près-Vatteville",
            "surface": 10
          },
          {
            "nom": "Épieds",
            "surface": 2
          },
          {
            "nom": "Ézy-sur-Eure",
            "surface": 5
          },
          {
            "nom": "Fains",
            "surface": 4
          },
          {
            "nom": "Fatouville-Grestain",
            "surface": 1
          },
          {
            "nom": "Fontaine-Bellenger",
            "surface": 0
          },
          {
            "nom": "Fontaine-sous-Jouy",
            "surface": 5
          },
          {
            "nom": "Foulbec",
            "surface": 2
          },
          {
            "nom": "Gadencourt",
            "surface": 4
          },
          {
            "nom": "Gaillon",
            "surface": 7
          },
          {
            "nom": "Garennes-sur-Eure",
            "surface": 6
          },
          {
            "nom": "Gasny",
            "surface": 1
          },
          {
            "nom": "Giverny",
            "surface": 4
          },
          {
            "nom": "Hardencourt-Cocherel",
            "surface": 5
          },
          {
            "nom": "La Haye-le-Comte",
            "surface": 2
          },
          {
            "nom": "Hécourt",
            "surface": 4
          },
          {
            "nom": "Herqueville",
            "surface": 4
          },
          {
            "nom": "Heudebouville",
            "surface": 4
          },
          {
            "nom": "Heudreville-sur-Eure",
            "surface": 7
          },
          {
            "nom": "Houlbec-Cocherel",
            "surface": 3
          },
          {
            "nom": "Igoville",
            "surface": 5
          },
          {
            "nom": "Incarville",
            "surface": 2
          },
          {
            "nom": "Irreville",
            "surface": 0
          },
          {
            "nom": "Ivry-la-Bataille",
            "surface": 4
          },
          {
            "nom": "Jouy-sur-Eure",
            "surface": 7
          },
          {
            "nom": "Le Landin",
            "surface": 0
          },
          {
            "nom": "Léry",
            "surface": 7
          },
          {
            "nom": "Louviers",
            "surface": 20
          },
          {
            "nom": "Louye",
            "surface": 2
          },
          {
            "nom": "Le Manoir",
            "surface": 2
          },
          {
            "nom": "Marais-Vernier",
            "surface": 12
          },
          {
            "nom": "Marcilly-sur-Eure",
            "surface": 11
          },
          {
            "nom": "Martot",
            "surface": 6
          },
          {
            "nom": "Ménilles",
            "surface": 4
          },
          {
            "nom": "Merey",
            "surface": 6
          },
          {
            "nom": "Le Mesnil-Jourdain",
            "surface": 3
          },
          {
            "nom": "Terres de Bord",
            "surface": 1
          },
          {
            "nom": "Muids",
            "surface": 15
          },
          {
            "nom": "Muzy",
            "surface": 2
          },
          {
            "nom": "Neuilly",
            "surface": 4
          },
          {
            "nom": "Notre-Dame-de-l'Isle",
            "surface": 6
          },
          {
            "nom": "Pacy-sur-Eure",
            "surface": 8
          },
          {
            "nom": "Pinterville",
            "surface": 6
          },
          {
            "nom": "Pîtres",
            "surface": 3
          },
          {
            "nom": "Le Plessis-Hébert",
            "surface": 4
          },
          {
            "nom": "Pont-de-l'Arche",
            "surface": 9
          },
          {
            "nom": "Porte-de-Seine",
            "surface": 7
          },
          {
            "nom": "Port-Mort",
            "surface": 10
          },
          {
            "nom": "Poses",
            "surface": 5
          },
          {
            "nom": "Pressagny-l'Orgueilleux",
            "surface": 7
          },
          {
            "nom": "Quillebeuf-sur-Seine",
            "surface": 5
          },
          {
            "nom": "Reuilly",
            "surface": 1
          },
          {
            "nom": "Romilly-sur-Andelle",
            "surface": 0
          },
          {
            "nom": "La Roquette",
            "surface": 3
          },
          {
            "nom": "Rouvray",
            "surface": 2
          },
          {
            "nom": "Saint-Aubin-sur-Gaillon",
            "surface": 5
          },
          {
            "nom": "Saint-Aubin-sur-Quillebeuf",
            "surface": 10
          },
          {
            "nom": "Le Vaudreuil",
            "surface": 4
          },
          {
            "nom": "Saint-Étienne-du-Vauvray",
            "surface": 2
          },
          {
            "nom": "Saint-Étienne-sous-Bailleul",
            "surface": 2
          },
          {
            "nom": "Sainte-Geneviève-lès-Gasny",
            "surface": 2
          },
          {
            "nom": "Saint-Georges-Motel",
            "surface": 5
          },
          {
            "nom": "La Chapelle-Longueville",
            "surface": 10
          },
          {
            "nom": "Saint-Marcel",
            "surface": 3
          },
          {
            "nom": "Sainte-Opportune-la-Mare",
            "surface": 1
          },
          {
            "nom": "Saint-Pierre-de-Bailleul",
            "surface": 3
          },
          {
            "nom": "Saint-Pierre-du-Val",
            "surface": 1
          },
          {
            "nom": "Saint-Pierre-du-Vauvray",
            "surface": 4
          },
          {
            "nom": "Saint-Pierre-la-Garenne",
            "surface": 8
          },
          {
            "nom": "Saint-Samson-de-la-Roque",
            "surface": 12
          },
          {
            "nom": "Saint-Vigor",
            "surface": 4
          },
          {
            "nom": "Le Thuit",
            "surface": 0
          },
          {
            "nom": "Vatteville",
            "surface": 3
          },
          {
            "nom": "Vaux-sur-Eure",
            "surface": 3
          },
          {
            "nom": "Les Trois Lacs",
            "surface": 33
          },
          {
            "nom": "Vernon",
            "surface": 16
          },
          {
            "nom": "Vézillon",
            "surface": 1
          },
          {
            "nom": "Villers-sur-le-Roule",
            "surface": 3
          },
          {
            "nom": "Villiers-en-Désœuvre",
            "surface": 1
          },
          {
            "nom": "Vironvay",
            "surface": 4
          },
          {
            "nom": "Val-de-Reuil",
            "surface": 26
          },
          {
            "nom": "Abondant",
            "surface": 9
          },
          {
            "nom": "Amilly",
            "surface": 1
          },
          {
            "nom": "Anet",
            "surface": 7
          },
          {
            "nom": "Bailleau-Armenonville",
            "surface": 0
          },
          {
            "nom": "Barjouville",
            "surface": 2
          },
          {
            "nom": "Billancelles",
            "surface": 2
          },
          {
            "nom": "Boncourt",
            "surface": 1
          },
          {
            "nom": "Bréchamps",
            "surface": 3
          },
          {
            "nom": "Champhol",
            "surface": 4
          },
          {
            "nom": "Charpont",
            "surface": 4
          },
          {
            "nom": "Chartainvilliers",
            "surface": 2
          },
          {
            "nom": "Chartres",
            "surface": 3
          },
          {
            "nom": "Chaudon",
            "surface": 5
          },
          {
            "nom": "Chauffours",
            "surface": 4
          },
          {
            "nom": "La Chaussée-d'Ivry",
            "surface": 6
          },
          {
            "nom": "Cherisy",
            "surface": 4
          },
          {
            "nom": "Chuisnes",
            "surface": 4
          },
          {
            "nom": "Coltainville",
            "surface": 0
          },
          {
            "nom": "Le Coudray",
            "surface": 3
          },
          {
            "nom": "Coulombs",
            "surface": 4
          },
          {
            "nom": "Courville-sur-Eure",
            "surface": 11
          },
          {
            "nom": "Croisilles",
            "surface": 4
          },
          {
            "nom": "Dreux",
            "surface": 9
          },
          {
            "nom": "Écluzelles",
            "surface": 3
          },
          {
            "nom": "Fontaine-la-Guyon",
            "surface": 1
          },
          {
            "nom": "Fontenay-sur-Eure",
            "surface": 10
          },
          {
            "nom": "Gas",
            "surface": 0
          },
          {
            "nom": "Gasville-Oisème",
            "surface": 0
          },
          {
            "nom": "Gellainville",
            "surface": 0
          },
          {
            "nom": "Gilles",
            "surface": 0
          },
          {
            "nom": "Guainville",
            "surface": 6
          },
          {
            "nom": "Hanches",
            "surface": 1
          },
          {
            "nom": "Houx",
            "surface": 5
          },
          {
            "nom": "Jouy",
            "surface": 10
          },
          {
            "nom": "Landelles",
            "surface": 2
          },
          {
            "nom": "Lèves",
            "surface": 1
          },
          {
            "nom": "Lormaye",
            "surface": 1
          },
          {
            "nom": "Luisant",
            "surface": 1
          },
          {
            "nom": "Luray",
            "surface": 2
          },
          {
            "nom": "Maintenon",
            "surface": 9
          },
          {
            "nom": "Meslay-le-Grenet",
            "surface": 4
          },
          {
            "nom": "Le Mesnil-Simon",
            "surface": 0
          },
          {
            "nom": "Mévoisins",
            "surface": 4
          },
          {
            "nom": "Mézières-en-Drouais",
            "surface": 6
          },
          {
            "nom": "Mignières",
            "surface": 4
          },
          {
            "nom": "Montreuil",
            "surface": 6
          },
          {
            "nom": "Morancez",
            "surface": 5
          },
          {
            "nom": "Nogent-le-Roi",
            "surface": 3
          },
          {
            "nom": "Nogent-sur-Eure",
            "surface": 7
          },
          {
            "nom": "Ollé",
            "surface": 1
          },
          {
            "nom": "Orrouer",
            "surface": 5
          },
          {
            "nom": "Ouerre",
            "surface": 2
          },
          {
            "nom": "Oulins",
            "surface": 4
          },
          {
            "nom": "Pierres",
            "surface": 3
          },
          {
            "nom": "Saint-Arnoult-des-Bois",
            "surface": 3
          },
          {
            "nom": "Saint-Aubin-des-Bois",
            "surface": 2
          },
          {
            "nom": "Sainte-Gemme-Moronval",
            "surface": 5
          },
          {
            "nom": "Saint-Georges-sur-Eure",
            "surface": 15
          },
          {
            "nom": "Saint-Germain-le-Gaillard",
            "surface": 5
          },
          {
            "nom": "Saint-Luperce",
            "surface": 14
          },
          {
            "nom": "Saint-Martin-de-Nigelles",
            "surface": 1
          },
          {
            "nom": "Saint-Piat",
            "surface": 8
          },
          {
            "nom": "Saint-Prest",
            "surface": 12
          },
          {
            "nom": "Saussay",
            "surface": 5
          },
          {
            "nom": "Sorel-Moussel",
            "surface": 11
          },
          {
            "nom": "Soulaires",
            "surface": 3
          },
          {
            "nom": "Thivars",
            "surface": 8
          },
          {
            "nom": "Ver-lès-Chartres",
            "surface": 4
          },
          {
            "nom": "Villemeux-sur-Eure",
            "surface": 9
          },
          {
            "nom": "Villiers-le-Morhier",
            "surface": 7
          },
          {
            "nom": "Yermenonville",
            "surface": 2
          },
          {
            "nom": "Cepoy",
            "surface": 7
          },
          {
            "nom": "Châlette-sur-Loing",
            "surface": 4
          },
          {
            "nom": "Corquilleroy",
            "surface": 2
          },
          {
            "nom": "Dordives",
            "surface": 8
          },
          {
            "nom": "Ferrières-en-Gâtinais",
            "surface": 5
          },
          {
            "nom": "Fontenay-sur-Loing",
            "surface": 9
          },
          {
            "nom": "Girolles",
            "surface": 1
          },
          {
            "nom": "Nargis",
            "surface": 8
          },
          {
            "nom": "Pannes",
            "surface": 0
          },
          {
            "nom": "Paucourt",
            "surface": 1
          },
          {
            "nom": "Les Ageux",
            "surface": 2
          },
          {
            "nom": "Armancourt",
            "surface": 2
          },
          {
            "nom": "Beaurepaire",
            "surface": 3
          },
          {
            "nom": "Boran-sur-Oise",
            "surface": 4
          },
          {
            "nom": "Brenouille",
            "surface": 2
          },
          {
            "nom": "Chambly",
            "surface": 4
          },
          {
            "nom": "Chevrières",
            "surface": 3
          },
          {
            "nom": "Compiègne",
            "surface": 6
          },
          {
            "nom": "Creil",
            "surface": 4
          },
          {
            "nom": "Gouvieux",
            "surface": 7
          },
          {
            "nom": "Houdancourt",
            "surface": 1
          },
          {
            "nom": "Jaux",
            "surface": 1
          },
          {
            "nom": "Lacroix-Saint-Ouen",
            "surface": 5
          },
          {
            "nom": "Lamorlaye",
            "surface": 3
          },
          {
            "nom": "Longueil-Sainte-Marie",
            "surface": 10
          },
          {
            "nom": "Le Mesnil-en-Thelle",
            "surface": 2
          },
          {
            "nom": "Le Meux",
            "surface": 2
          },
          {
            "nom": "Montataire",
            "surface": 2
          },
          {
            "nom": "Nogent-sur-Oise",
            "surface": 2
          },
          {
            "nom": "Pontpoint",
            "surface": 9
          },
          {
            "nom": "Pont-Sainte-Maxence",
            "surface": 7
          },
          {
            "nom": "Précy-sur-Oise",
            "surface": 3
          },
          {
            "nom": "Rhuis",
            "surface": 1
          },
          {
            "nom": "Rieux",
            "surface": 1
          },
          {
            "nom": "Rivecourt",
            "surface": 3
          },
          {
            "nom": "Roberval",
            "surface": 0
          },
          {
            "nom": "Saint-Leu-d'Esserent",
            "surface": 9
          },
          {
            "nom": "Saint-Maximin",
            "surface": 2
          },
          {
            "nom": "Thiverny",
            "surface": 1
          },
          {
            "nom": "Venette",
            "surface": 1
          },
          {
            "nom": "Verberie",
            "surface": 4
          },
          {
            "nom": "Verneuil-en-Halatte",
            "surface": 7
          },
          {
            "nom": "Villers-Saint-Paul",
            "surface": 2
          },
          {
            "nom": "Villers-sous-Saint-Leu",
            "surface": 3
          },
          {
            "nom": "Anneville-Ambourville",
            "surface": 21
          },
          {
            "nom": "Les Authieux-sur-le-Port-Saint-Ouen",
            "surface": 3
          },
          {
            "nom": "Bardouville",
            "surface": 8
          },
          {
            "nom": "Belbeuf",
            "surface": 0
          },
          {
            "nom": "Berville-sur-Seine",
            "surface": 7
          },
          {
            "nom": "La Bouille",
            "surface": 0
          },
          {
            "nom": "Canteleu",
            "surface": 0
          },
          {
            "nom": "Rives-en-Seine",
            "surface": 10
          },
          {
            "nom": "Caudebec-lès-Elbeuf",
            "surface": 2
          },
          {
            "nom": "La Cerlangue",
            "surface": 0
          },
          {
            "nom": "Cléon",
            "surface": 7
          },
          {
            "nom": "Duclair",
            "surface": 4
          },
          {
            "nom": "Elbeuf",
            "surface": 1
          },
          {
            "nom": "La Frénaye",
            "surface": 1
          },
          {
            "nom": "Freneuse",
            "surface": 3
          },
          {
            "nom": "Gouy",
            "surface": 0
          },
          {
            "nom": "Grand-Couronne",
            "surface": 7
          },
          {
            "nom": "Le Grand-Quevilly",
            "surface": 1
          },
          {
            "nom": "Hautot-sur-Seine",
            "surface": 2
          },
          {
            "nom": "Hénouville",
            "surface": 5
          },
          {
            "nom": "Heurteauville",
            "surface": 7
          },
          {
            "nom": "Jumièges",
            "surface": 17
          },
          {
            "nom": "Lillebonne",
            "surface": 5
          },
          {
            "nom": "Arelaune-en-Seine",
            "surface": 39
          },
          {
            "nom": "Mauny",
            "surface": 10
          },
          {
            "nom": "Le Mesnil-sous-Jumièges",
            "surface": 6
          },
          {
            "nom": "Moulineaux",
            "surface": 1
          },
          {
            "nom": "Norville",
            "surface": 12
          },
          {
            "nom": "Notre-Dame-de-Bliquetuit",
            "surface": 8
          },
          {
            "nom": "Port-Jérôme-sur-Seine",
            "surface": 22
          },
          {
            "nom": "Oissel-sur-Seine",
            "surface": 20
          },
          {
            "nom": "Orival",
            "surface": 2
          },
          {
            "nom": "Petit-Couronne",
            "surface": 11
          },
          {
            "nom": "Petiville",
            "surface": 7
          },
          {
            "nom": "Quevillon",
            "surface": 8
          },
          {
            "nom": "Sahurs",
            "surface": 11
          },
          {
            "nom": "Saint-Arnoult",
            "surface": 0
          },
          {
            "nom": "Saint-Aubin-lès-Elbeuf",
            "surface": 6
          },
          {
            "nom": "Saint-Étienne-du-Rouvray",
            "surface": 15
          },
          {
            "nom": "Saint-Martin-de-Boscherville",
            "surface": 6
          },
          {
            "nom": "Saint-Maurice-d'Ételan",
            "surface": 8
          },
          {
            "nom": "Saint-Pierre-de-Manneville",
            "surface": 10
          },
          {
            "nom": "Saint-Pierre-de-Varengeville",
            "surface": 0
          },
          {
            "nom": "Saint-Pierre-lès-Elbeuf",
            "surface": 5
          },
          {
            "nom": "Sotteville-sous-le-Val",
            "surface": 5
          },
          {
            "nom": "Tourville-la-Rivière",
            "surface": 8
          },
          {
            "nom": "Le Trait",
            "surface": 6
          },
          {
            "nom": "Val-de-la-Haye",
            "surface": 8
          },
          {
            "nom": "Vatteville-la-Rue",
            "surface": 24
          },
          {
            "nom": "Yainville",
            "surface": 3
          },
          {
            "nom": "Ymare",
            "surface": 0
          },
          {
            "nom": "Yville-sur-Seine",
            "surface": 8
          },
          {
            "nom": "Annet-sur-Marne",
            "surface": 10
          },
          {
            "nom": "Armentières-en-Brie",
            "surface": 7
          },
          {
            "nom": "Avon",
            "surface": 2
          },
          {
            "nom": "Bagneaux-sur-Loing",
            "surface": 5
          },
          {
            "nom": "Balloy",
            "surface": 9
          },
          {
            "nom": "Barbey",
            "surface": 4
          },
          {
            "nom": "Bassevelle",
            "surface": 0
          },
          {
            "nom": "Bazoches-lès-Bray",
            "surface": 16
          },
          {
            "nom": "Bois-le-Roi",
            "surface": 5
          },
          {
            "nom": "Boissettes",
            "surface": 1
          },
          {
            "nom": "Boissise-la-Bertrand",
            "surface": 5
          },
          {
            "nom": "Boissise-le-Roi",
            "surface": 2
          },
          {
            "nom": "Bourron-Marlotte",
            "surface": 2
          },
          {
            "nom": "Boutigny",
            "surface": 0
          },
          {
            "nom": "Bray-sur-Seine",
            "surface": 1
          },
          {
            "nom": "La Brosse-Montceaux",
            "surface": 5
          },
          {
            "nom": "Brou-sur-Chantereine",
            "surface": 2
          },
          {
            "nom": "Bussières",
            "surface": 0
          },
          {
            "nom": "Cannes-Écluse",
            "surface": 8
          },
          {
            "nom": "Carnetin",
            "surface": 0
          },
          {
            "nom": "Cesson",
            "surface": 0
          },
          {
            "nom": "Chalifert",
            "surface": 2
          },
          {
            "nom": "Chalmaison",
            "surface": 0
          },
          {
            "nom": "Chambry",
            "surface": 3
          },
          {
            "nom": "Chamigny",
            "surface": 4
          },
          {
            "nom": "Champagne-sur-Seine",
            "surface": 6
          },
          {
            "nom": "Champs-sur-Marne",
            "surface": 1
          },
          {
            "nom": "Changis-sur-Marne",
            "surface": 5
          },
          {
            "nom": "Charmentray",
            "surface": 3
          },
          {
            "nom": "Chartrettes",
            "surface": 9
          },
          {
            "nom": "Château-Landon",
            "surface": 6
          },
          {
            "nom": "Châtenay-sur-Seine",
            "surface": 11
          },
          {
            "nom": "Chelles",
            "surface": 3
          },
          {
            "nom": "Chessy",
            "surface": 2
          },
          {
            "nom": "Citry",
            "surface": 5
          },
          {
            "nom": "Claye-Souilly",
            "surface": 1
          },
          {
            "nom": "Condé-Sainte-Libiaire",
            "surface": 2
          },
          {
            "nom": "Congis-sur-Thérouanne",
            "surface": 9
          },
          {
            "nom": "Couilly-Pont-aux-Dames",
            "surface": 0
          },
          {
            "nom": "Coupvray",
            "surface": 5
          },
          {
            "nom": "Courcelles-en-Bassée",
            "surface": 9
          },
          {
            "nom": "Crégy-lès-Meaux",
            "surface": 0
          },
          {
            "nom": "Dammarie-les-Lys",
            "surface": 7
          },
          {
            "nom": "Dampmart",
            "surface": 6
          },
          {
            "nom": "Darvault",
            "surface": 0
          },
          {
            "nom": "Égligny",
            "surface": 9
          },
          {
            "nom": "Esbly",
            "surface": 3
          },
          {
            "nom": "Esmans",
            "surface": 5
          },
          {
            "nom": "Everly",
            "surface": 8
          },
          {
            "nom": "Faÿ-lès-Nemours",
            "surface": 0
          },
          {
            "nom": "Féricy",
            "surface": 1
          },
          {
            "nom": "La Ferté-sous-Jouarre",
            "surface": 4
          },
          {
            "nom": "Fontainebleau",
            "surface": 24
          },
          {
            "nom": "Fontaine-le-Port",
            "surface": 3
          },
          {
            "nom": "Forges",
            "surface": 0
          },
          {
            "nom": "Fresnes-sur-Marne",
            "surface": 6
          },
          {
            "nom": "Fublaines",
            "surface": 3
          },
          {
            "nom": "La Genevraye",
            "surface": 7
          },
          {
            "nom": "Germigny-l'Évêque",
            "surface": 12
          },
          {
            "nom": "Gouaix",
            "surface": 9
          },
          {
            "nom": "Gouvernes",
            "surface": 0
          },
          {
            "nom": "La Grande-Paroisse",
            "surface": 14
          },
          {
            "nom": "Gravon",
            "surface": 4
          },
          {
            "nom": "Grez-sur-Loing",
            "surface": 6
          },
          {
            "nom": "Grisy-sur-Seine",
            "surface": 3
          },
          {
            "nom": "Héricy",
            "surface": 9
          },
          {
            "nom": "Hermé",
            "surface": 12
          },
          {
            "nom": "Isles-les-Meldeuses",
            "surface": 7
          },
          {
            "nom": "Isles-lès-Villenoy",
            "surface": 7
          },
          {
            "nom": "Jablines",
            "surface": 8
          },
          {
            "nom": "Jaignes",
            "surface": 1
          },
          {
            "nom": "Jaulnes",
            "surface": 3
          },
          {
            "nom": "Jouarre",
            "surface": 0
          },
          {
            "nom": "Lagny-sur-Marne",
            "surface": 5
          },
          {
            "nom": "Lesches",
            "surface": 4
          },
          {
            "nom": "Livry-sur-Seine",
            "surface": 5
          },
          {
            "nom": "Lizy-sur-Ourcq",
            "surface": 0
          },
          {
            "nom": "Luisetaines",
            "surface": 1
          },
          {
            "nom": "Luzancy",
            "surface": 7
          },
          {
            "nom": "La Madeleine-sur-Loing",
            "surface": 3
          },
          {
            "nom": "Mareuil-lès-Meaux",
            "surface": 7
          },
          {
            "nom": "Marolles-sur-Seine",
            "surface": 20
          },
          {
            "nom": "Mary-sur-Marne",
            "surface": 0
          },
          {
            "nom": "Meaux",
            "surface": 14
          },
          {
            "nom": "Melun",
            "surface": 0
          },
          {
            "nom": "Melz-sur-Seine",
            "surface": 10
          },
          {
            "nom": "Méry-sur-Marne",
            "surface": 6
          },
          {
            "nom": "Misy-sur-Yonne",
            "surface": 5
          },
          {
            "nom": "Montceaux-lès-Meaux",
            "surface": 1
          },
          {
            "nom": "Moncourt-Fromonville",
            "surface": 4
          },
          {
            "nom": "Montereau-Fault-Yonne",
            "surface": 9
          },
          {
            "nom": "Montévrain",
            "surface": 2
          },
          {
            "nom": "Montigny-sur-Loing",
            "surface": 7
          },
          {
            "nom": "Montry",
            "surface": 1
          },
          {
            "nom": "Moret-Loing-et-Orvanne",
            "surface": 23
          },
          {
            "nom": "Mousseaux-lès-Bray",
            "surface": 2
          },
          {
            "nom": "Mouy-sur-Seine",
            "surface": 8
          },
          {
            "nom": "Nandy",
            "surface": 3
          },
          {
            "nom": "Nanteuil-lès-Meaux",
            "surface": 6
          },
          {
            "nom": "Nanteuil-sur-Marne",
            "surface": 1
          },
          {
            "nom": "Nemours",
            "surface": 6
          },
          {
            "nom": "Chauconin-Neufmontiers",
            "surface": 2
          },
          {
            "nom": "Noisiel",
            "surface": 1
          },
          {
            "nom": "Noisy-Rudignon",
            "surface": 0
          },
          {
            "nom": "Noyen-sur-Seine",
            "surface": 9
          },
          {
            "nom": "Les Ormes-sur-Voulzie",
            "surface": 8
          },
          {
            "nom": "Poincy",
            "surface": 6
          },
          {
            "nom": "Poligny",
            "surface": 3
          },
          {
            "nom": "Pomponne",
            "surface": 6
          },
          {
            "nom": "Précy-sur-Marne",
            "surface": 5
          },
          {
            "nom": "Pringy",
            "surface": 0
          },
          {
            "nom": "Quincy-Voisins",
            "surface": 2
          },
          {
            "nom": "Reuil-en-Brie",
            "surface": 5
          },
          {
            "nom": "La Rochette",
            "surface": 5
          },
          {
            "nom": "Saâcy-sur-Marne",
            "surface": 7
          },
          {
            "nom": "Sainte-Aulde",
            "surface": 1
          },
          {
            "nom": "Saint-Fargeau-Ponthierry",
            "surface": 7
          },
          {
            "nom": "Saint-Germain-Laval",
            "surface": 5
          },
          {
            "nom": "Saint-Jean-les-Deux-Jumeaux",
            "surface": 2
          },
          {
            "nom": "Saint-Mammès",
            "surface": 2
          },
          {
            "nom": "Saint-Pierre-lès-Nemours",
            "surface": 11
          },
          {
            "nom": "Saint-Sauveur-lès-Bray",
            "surface": 6
          },
          {
            "nom": "Saint-Thibault-des-Vignes",
            "surface": 3
          },
          {
            "nom": "Salins",
            "surface": 2
          },
          {
            "nom": "Sammeron",
            "surface": 0
          },
          {
            "nom": "Samois-sur-Seine",
            "surface": 6
          },
          {
            "nom": "Samoreau",
            "surface": 6
          },
          {
            "nom": "Savigny-le-Temple",
            "surface": 0
          },
          {
            "nom": "Seine-Port",
            "surface": 8
          },
          {
            "nom": "Sept-Sorts",
            "surface": 0
          },
          {
            "nom": "Souppes-sur-Loing",
            "surface": 11
          },
          {
            "nom": "Tancrou",
            "surface": 1
          },
          {
            "nom": "Thomery",
            "surface": 4
          },
          {
            "nom": "Thorigny-sur-Marne",
            "surface": 5
          },
          {
            "nom": "La Tombe",
            "surface": 5
          },
          {
            "nom": "Torcy",
            "surface": 2
          },
          {
            "nom": "Trilbardou",
            "surface": 6
          },
          {
            "nom": "Trilport",
            "surface": 11
          },
          {
            "nom": "Ussy-sur-Marne",
            "surface": 7
          },
          {
            "nom": "Vaires-sur-Marne",
            "surface": 6
          },
          {
            "nom": "Varennes-sur-Seine",
            "surface": 10
          },
          {
            "nom": "Varreddes",
            "surface": 7
          },
          {
            "nom": "Vaux-le-Pénil",
            "surface": 3
          },
          {
            "nom": "Vernou-la-Celle-sur-Seine",
            "surface": 6
          },
          {
            "nom": "Vignely",
            "surface": 4
          },
          {
            "nom": "Villenoy",
            "surface": 7
          },
          {
            "nom": "Ville-Saint-Jacques",
            "surface": 1
          },
          {
            "nom": "Villiers-sur-Seine",
            "surface": 7
          },
          {
            "nom": "Vimpelles",
            "surface": 8
          },
          {
            "nom": "Vulaines-sur-Seine",
            "surface": 4
          },
          {
            "nom": "Achères",
            "surface": 9
          },
          {
            "nom": "Andrésy",
            "surface": 7
          },
          {
            "nom": "Aubergenville",
            "surface": 5
          },
          {
            "nom": "Bennecourt",
            "surface": 7
          },
          {
            "nom": "Bonnières-sur-Seine",
            "surface": 5
          },
          {
            "nom": "Bouafle",
            "surface": 2
          },
          {
            "nom": "Bougival",
            "surface": 0
          },
          {
            "nom": "Buchelay",
            "surface": 5
          },
          {
            "nom": "Carrières-sous-Poissy",
            "surface": 7
          },
          {
            "nom": "Chanteloup-les-Vignes",
            "surface": 3
          },
          {
            "nom": "Chapet",
            "surface": 1
          },
          {
            "nom": "Chatou",
            "surface": 1
          },
          {
            "nom": "Conflans-Sainte-Honorine",
            "surface": 6
          },
          {
            "nom": "Croissy-sur-Seine",
            "surface": 1
          },
          {
            "nom": "Ecquevilly",
            "surface": 0
          },
          {
            "nom": "Épône",
            "surface": 5
          },
          {
            "nom": "Évecquemont",
            "surface": 0
          },
          {
            "nom": "Flins-sur-Seine",
            "surface": 5
          },
          {
            "nom": "Follainville-Dennemont",
            "surface": 4
          },
          {
            "nom": "Freneuse",
            "surface": 10
          },
          {
            "nom": "Gargenville",
            "surface": 4
          },
          {
            "nom": "Gommecourt",
            "surface": 6
          },
          {
            "nom": "Guernes",
            "surface": 9
          },
          {
            "nom": "Guerville",
            "surface": 2
          },
          {
            "nom": "Hardricourt",
            "surface": 1
          },
          {
            "nom": "Issou",
            "surface": 3
          },
          {
            "nom": "Notre-Dame-de-la-Mer",
            "surface": 5
          },
          {
            "nom": "Jouy-Mauvoisin",
            "surface": 2
          },
          {
            "nom": "Juziers",
            "surface": 4
          },
          {
            "nom": "Limay",
            "surface": 5
          },
          {
            "nom": "Limetz-Villez",
            "surface": 9
          },
          {
            "nom": "Louveciennes",
            "surface": 1
          },
          {
            "nom": "Magnanville",
            "surface": 2
          },
          {
            "nom": "Maisons-Laffitte",
            "surface": 7
          },
          {
            "nom": "Mantes-la-Jolie",
            "surface": 9
          },
          {
            "nom": "Mantes-la-Ville",
            "surface": 5
          },
          {
            "nom": "Maurecourt",
            "surface": 3
          },
          {
            "nom": "Médan",
            "surface": 1
          },
          {
            "nom": "Méricourt",
            "surface": 2
          },
          {
            "nom": "Le Mesnil-le-Roi",
            "surface": 3
          },
          {
            "nom": "Meulan-en-Yvelines",
            "surface": 2
          },
          {
            "nom": "Mézières-sur-Seine",
            "surface": 4
          },
          {
            "nom": "Mézy-sur-Seine",
            "surface": 2
          },
          {
            "nom": "Moisson",
            "surface": 10
          },
          {
            "nom": "Montesson",
            "surface": 6
          },
          {
            "nom": "Mousseaux-sur-Seine",
            "surface": 7
          },
          {
            "nom": "Les Mureaux",
            "surface": 12
          },
          {
            "nom": "Le Pecq",
            "surface": 1
          },
          {
            "nom": "Perdreauville",
            "surface": 1
          },
          {
            "nom": "Poissy",
            "surface": 6
          },
          {
            "nom": "Porcheville",
            "surface": 4
          },
          {
            "nom": "Le Port-Marly",
            "surface": 0
          },
          {
            "nom": "Rolleboise",
            "surface": 3
          },
          {
            "nom": "Rosny-sur-Seine",
            "surface": 12
          },
          {
            "nom": "Saint-Germain-en-Laye",
            "surface": 24
          },
          {
            "nom": "Saint-Martin-la-Garenne",
            "surface": 13
          },
          {
            "nom": "Sartrouville",
            "surface": 4
          },
          {
            "nom": "Triel-sur-Seine",
            "surface": 9
          },
          {
            "nom": "Vaux-sur-Seine",
            "surface": 2
          },
          {
            "nom": "Verneuil-sur-Seine",
            "surface": 8
          },
          {
            "nom": "Vernouillet",
            "surface": 2
          },
          {
            "nom": "Le Vésinet",
            "surface": 4
          },
          {
            "nom": "La Villeneuve-en-Chevrie",
            "surface": 0
          },
          {
            "nom": "Villennes-sur-Seine",
            "surface": 1
          },
          {
            "nom": "Armeau",
            "surface": 1
          },
          {
            "nom": "Béon",
            "surface": 0
          },
          {
            "nom": "Cézy",
            "surface": 8
          },
          {
            "nom": "Champigny",
            "surface": 6
          },
          {
            "nom": "Chamvres",
            "surface": 0
          },
          {
            "nom": "La Chapelle-sur-Oreuse",
            "surface": 0
          },
          {
            "nom": "Chaumont",
            "surface": 2
          },
          {
            "nom": "Courlon-sur-Yonne",
            "surface": 7
          },
          {
            "nom": "Courtois-sur-Yonne",
            "surface": 3
          },
          {
            "nom": "Cuy",
            "surface": 6
          },
          {
            "nom": "Étigny",
            "surface": 5
          },
          {
            "nom": "Évry",
            "surface": 4
          },
          {
            "nom": "Gisy-les-Nobles",
            "surface": 8
          },
          {
            "nom": "Gron",
            "surface": 6
          },
          {
            "nom": "Joigny",
            "surface": 3
          },
          {
            "nom": "Maillot",
            "surface": 3
          },
          {
            "nom": "Malay-le-Grand",
            "surface": 0
          },
          {
            "nom": "Marsangy",
            "surface": 1
          },
          {
            "nom": "Michery",
            "surface": 8
          },
          {
            "nom": "Paron",
            "surface": 2
          },
          {
            "nom": "Passy",
            "surface": 5
          },
          {
            "nom": "Pont-sur-Yonne",
            "surface": 6
          },
          {
            "nom": "Rosoy",
            "surface": 3
          },
          {
            "nom": "Rousson",
            "surface": 1
          },
          {
            "nom": "Saint-Aubin-sur-Yonne",
            "surface": 3
          },
          {
            "nom": "Saint-Clément",
            "surface": 5
          },
          {
            "nom": "Saint-Denis-lès-Sens",
            "surface": 7
          },
          {
            "nom": "Saint-Julien-du-Sault",
            "surface": 7
          },
          {
            "nom": "Saint-Martin-du-Tertre",
            "surface": 2
          },
          {
            "nom": "Sens",
            "surface": 16
          },
          {
            "nom": "Serbonnes",
            "surface": 5
          },
          {
            "nom": "Soucy",
            "surface": 2
          },
          {
            "nom": "Véron",
            "surface": 4
          },
          {
            "nom": "Villeblevin",
            "surface": 3
          },
          {
            "nom": "Villecien",
            "surface": 2
          },
          {
            "nom": "Villemanoche",
            "surface": 6
          },
          {
            "nom": "Villenavotte",
            "surface": 1
          },
          {
            "nom": "Villeneuve-la-Guyard",
            "surface": 8
          },
          {
            "nom": "Villeneuve-sur-Yonne",
            "surface": 14
          },
          {
            "nom": "Villeperrot",
            "surface": 3
          },
          {
            "nom": "Villevallier",
            "surface": 3
          },
          {
            "nom": "Vinneuf",
            "surface": 8
          },
          {
            "nom": "Corbeil-Essonnes",
            "surface": 0
          },
          {
            "nom": "Le Coudray-Montceaux",
            "surface": 5
          },
          {
            "nom": "Morsang-sur-Seine",
            "surface": 4
          },
          {
            "nom": "Saint-Pierre-du-Perray",
            "surface": 1
          },
          {
            "nom": "Saintry-sur-Seine",
            "surface": 2
          },
          {
            "nom": "Asnières-sur-Oise",
            "surface": 2
          },
          {
            "nom": "Auvers-sur-Oise",
            "surface": 6
          },
          {
            "nom": "Beaumont-sur-Oise",
            "surface": 2
          },
          {
            "nom": "Bernes-sur-Oise",
            "surface": 4
          },
          {
            "nom": "Bruyères-sur-Oise",
            "surface": 6
          },
          {
            "nom": "Butry-sur-Oise",
            "surface": 3
          },
          {
            "nom": "Cergy",
            "surface": 9
          },
          {
            "nom": "Champagne-sur-Oise",
            "surface": 5
          },
          {
            "nom": "Chérence",
            "surface": 1
          },
          {
            "nom": "Cormeilles-en-Parisis",
            "surface": 1
          },
          {
            "nom": "Ennery",
            "surface": 0
          },
          {
            "nom": "Éragny-sur-Oise",
            "surface": 4
          },
          {
            "nom": "La Frette-sur-Seine",
            "surface": 2
          },
          {
            "nom": "Haute-Isle",
            "surface": 2
          },
          {
            "nom": "Herblay-sur-Seine",
            "surface": 3
          },
          {
            "nom": "L'Isle-Adam",
            "surface": 10
          },
          {
            "nom": "Jouy-le-Moutier",
            "surface": 4
          },
          {
            "nom": "Mériel",
            "surface": 1
          },
          {
            "nom": "Méry-sur-Oise",
            "surface": 4
          },
          {
            "nom": "Montigny-lès-Cormeilles",
            "surface": 1
          },
          {
            "nom": "Mours",
            "surface": 2
          },
          {
            "nom": "Neuville-sur-Oise",
            "surface": 4
          },
          {
            "nom": "Noisy-sur-Oise",
            "surface": 0
          },
          {
            "nom": "Osny",
            "surface": 0
          },
          {
            "nom": "Parmain",
            "surface": 2
          },
          {
            "nom": "Persan",
            "surface": 5
          },
          {
            "nom": "Pontoise",
            "surface": 5
          },
          {
            "nom": "Presles",
            "surface": 0
          },
          {
            "nom": "La Roche-Guyon",
            "surface": 2
          },
          {
            "nom": "Saint-Ouen-l'Aumône",
            "surface": 12
          },
          {
            "nom": "Valmondois",
            "surface": 2
          },
          {
            "nom": "Vauréal",
            "surface": 1
          },
          {
            "nom": "Vétheuil",
            "surface": 1
          }
        ],
        "forets": [],
        "facades_maritimes": [],
        "departements": [
          "Aisne",
          "Aube",
          "Essonne",
          "Eure",
          "Eure-et-Loir",
          "Loiret",
          "Oise",
          "Seine-Maritime",
          "Seine-et-Marne",
          "Val-d'Oise",
          "Yonne",
          "Yvelines"
        ],
        "regions": [
          "Bourgogne-Franche-Comté",
          "Centre-Val de Loire",
          "Grand Est",
          "Hauts-de-France",
          "Normandie",
          "Île-de-France"
        ],
        "administrations_noms": [
          "Direction régionale de l'environnement, de l'aménagement et du logement (DREAL) - Bourgogne-Franche-Comté",
          "Direction régionale de l'environnement, de l'aménagement et du logement (DREAL) - Centre-Val-de-Loire",
          "Direction régionale de l'environnement, de l'aménagement et du logement (DREAL) - Grand Est",
          "Direction régionale de l'environnement, de l'aménagement et du logement (DREAL) - Hauts-de-France",
          "Direction régionale et interdépartementale de l'environnement, de l'aménagement et des transports (DRIEAT) - Île-de-France",
          "Direction régionale de l'environnement, de l'aménagement et du logement (DREAL) - Normandie",
          "Préfecture - Aisne",
          "Préfecture - Aube",
          "Préfecture - Eure",
          "Préfecture - Eure-et-Loir",
          "Préfecture - Loiret",
          "Préfecture - Oise",
          "Préfecture - Seine-Maritime",
          "Préfecture - Seine-et-Marne",
          "Préfecture - Yvelines",
          "Préfecture - Yonne",
          "Préfecture - Essonne",
          "Préfecture - Val-d'Oise",
          "Ministère de l'Economie, des Finances et de la Relance & Ministère de la Transition écologique"
        ],
        "titulaires_noms": [],
        "titulaires_legal": [],
        "amodiataires_noms": [],
        "amodiataires_legal": [],
        "references": [
          "DEB: 14"
        ]
      }
    },
    {
      "type": "Feature",
      "geometry": {
        "type": "MultiPolygon",
        "coordinates": [
          [
            [
              [
                5.044071195,
                45.266305938
              ],
              [
                4.98423982,
                45.249198444
              ],
              [
                4.984736425,
                45.231265461
              ],
              [
                5.003842842,
                45.226609988
              ],
              [
                5.04268759,
                45.23446338
              ],
              [
                5.038090286,
                45.247851079
              ],
              [
                5.058666835,
                45.252238824
              ],
              [
                5.063454419,
                45.23860347
              ],
              [
                5.065317773,
                45.239001397
              ],
              [
                5.078039901,
                45.254357341
              ],
              [
                5.060898178,
                45.252576011
              ],
              [
                5.064189843,
                45.267431499
              ],
              [
                5.044071195,
                45.266305938
              ]
            ]
          ]
        ]
      },
      "properties": {
        "id": "m-cx-le-chatelard-1966",
        "nom": "Le Chatelard",
        "date_debut": "23-06-1966",
        "date_fin": "31-12-2043",
        "type": "concession",
        "domaine": "minéraux et métaux",
        "statut": "valide",
        "substances": [
          "sels de sodium"
        ],
        "surface_totale": 17.77,
        "communes": [
          "Châteauneuf-de-Galaure",
          "Hauterives",
          "Saint-Martin-d'Août",
          "Tersanne"
        ],
        "surface_par_communes": [
          {
            "nom": "Châteauneuf-de-Galaure",
            "surface": 2
          },
          {
            "nom": "Hauterives",
            "surface": 14
          },
          {
            "nom": "Saint-Martin-d'Août",
            "surface": 1
          },
          {
            "nom": "Tersanne",
            "surface": 1
          }
        ],
        "forets": [],
        "facades_maritimes": [],
        "departements": [
          "Drôme"
        ],
        "regions": [
          "Auvergne-Rhône-Alpes"
        ],
        "administrations_noms": [
          "Direction régionale de l'environnement, de l'aménagement et du logement (DREAL) - Auvergne-Rhône-Alpes",
          "Préfecture - Drôme",
          "Ministère de l'Economie, des Finances et de la Relance & Ministère de la Transition écologique"
        ],
        "titulaires_noms": [
          "CHLORALP"
        ],
        "titulaires_legal": [
          "411129612"
        ],
        "amodiataires_noms": [],
        "amodiataires_legal": [],
        "references": [
          "DEB: 2013-0215-MI",
          "RNTM: 26TM0003"
        ]
      }
    },
    {
      "type": "Feature",
      "geometry": {
        "type": "MultiPolygon",
        "coordinates": [
          [
            [
              [
                1.469442847,
                46.052924269
              ],
              [
                1.34146753,
                46.061860907
              ],
              [
                1.280346253,
                46.057708066
              ],
              [
                1.274274767,
                45.992719911
              ],
              [
                1.298947128,
                45.971287137
              ],
              [
                1.341172809,
                45.950738381
              ],
              [
                1.44324537,
                46.010974864
              ],
              [
                1.469442847,
                46.052924269
              ]
            ]
          ]
        ]
      },
      "properties": {
        "id": "r-cx-saint-sylvestre-1961",
        "nom": "Saint-Sylvestre",
        "date_debut": "17-07-1961",
        "date_fin": "31-12-2018",
        "type": "concession",
        "domaine": "éléments radioactifs",
        "statut": "échu",
        "substances": [
          "uranium",
          "autres éléments radioactifs",
          "substances connexes"
        ],
        "surface_totale": 123.6,
        "communes": [
          "Ambazac",
          "Bersac-sur-Rivalier",
          "Bessines-sur-Gartempe",
          "Bonnac-la-Côte",
          "Compreignac",
          "Razès",
          "Saint-Pardoux-le-Lac",
          "Saint-Laurent-les-Églises",
          "Saint-Léger-la-Montagne",
          "Saint-Sulpice-Laurière",
          "Saint-Sylvestre"
        ],
        "surface_par_communes": [
          {
            "nom": "Ambazac",
            "surface": 5
          },
          {
            "nom": "Bersac-sur-Rivalier",
            "surface": 3
          },
          {
            "nom": "Bessines-sur-Gartempe",
            "surface": 1
          },
          {
            "nom": "Bonnac-la-Côte",
            "surface": 1
          },
          {
            "nom": "Compreignac",
            "surface": 23
          },
          {
            "nom": "Razès",
            "surface": 24
          },
          {
            "nom": "Saint-Pardoux-le-Lac",
            "surface": 7
          },
          {
            "nom": "Saint-Laurent-les-Églises",
            "surface": 0
          },
          {
            "nom": "Saint-Léger-la-Montagne",
            "surface": 27
          },
          {
            "nom": "Saint-Sulpice-Laurière",
            "surface": 2
          },
          {
            "nom": "Saint-Sylvestre",
            "surface": 30
          }
        ],
        "forets": [],
        "facades_maritimes": [],
        "departements": [
          "Haute-Vienne"
        ],
        "regions": [
          "Nouvelle-Aquitaine"
        ],
        "administrations_noms": [
          "Direction régionale de l'environnement, de l'aménagement et du logement (DREAL) - Nouvelle-Aquitaine",
          "Préfecture - Haute-Vienne"
        ],
        "titulaires_noms": [
          "ORANO DEMANTELEMENT"
        ],
        "titulaires_legal": [
          "305207169"
        ],
        "amodiataires_noms": [],
        "amodiataires_legal": [],
        "references": [
          "IRSN: 87TU06"
        ]
      }
    },
    {
      "type": "Feature",
      "geometry": {
        "type": "MultiPolygon",
        "coordinates": [
          [
            [
              [
                5.579644752,
                46.823653495
              ],
              [
                5.583024269,
                46.83194586
              ],
              [
                5.594467182,
                46.842275608
              ],
              [
                5.593728718,
                46.842874878
              ],
              [
                5.594098103,
                46.843153769
              ],
              [
                5.59448201,
                46.843673556
              ],
              [
                5.594580939,
                46.844152751
              ],
              [
                5.594392584,
                46.844543366
              ],
              [
                5.594138121,
                46.844984535
              ],
              [
                5.593685846,
                46.845556907
              ],
              [
                5.593422135,
                46.846085163
              ],
              [
                5.593255421,
                46.846648029
              ],
              [
                5.568631093,
                46.83910317
              ],
              [
                5.563803362,
                46.826511975
              ],
              [
                5.579644752,
                46.823653495
              ]
            ]
          ]
        ]
      },
      "properties": {
        "id": "m-cx-fangy-bulley-1810",
        "nom": "Fangy-Bulley",
        "date_debut": "21-04-1810",
        "date_fin": "31-12-2018",
        "type": "concession",
        "domaine": "minéraux et métaux",
        "statut": "échu",
        "substances": [
          "fer"
        ],
        "surface_totale": 2.99,
        "communes": [
          "Bersaillin",
          "Monay",
          "Sellières",
          "Toulouse-le-Château"
        ],
        "surface_par_communes": [
          {
            "nom": "Bersaillin",
            "surface": 0
          },
          {
            "nom": "Monay",
            "surface": 1
          },
          {
            "nom": "Sellières",
            "surface": 1
          },
          {
            "nom": "Toulouse-le-Château",
            "surface": 1
          }
        ],
        "forets": [],
        "facades_maritimes": [],
        "departements": [
          "Jura"
        ],
        "regions": [
          "Bourgogne-Franche-Comté"
        ],
        "administrations_noms": [
          "Direction régionale de l'environnement, de l'aménagement et du logement (DREAL) - Bourgogne-Franche-Comté",
          "Préfecture - Jura",
          "Ministère de l'Economie, des Finances et de la Relance & Ministère de la Transition écologique"
        ],
        "titulaires_noms": [
          "Mme de BEAUDICOURT, veuve de M. Edmond MONNIER"
        ],
        "titulaires_legal": [
          ""
        ],
        "amodiataires_noms": [],
        "amodiataires_legal": [],
        "references": [
          "RNTM: 39TM0031"
        ]
      }
    },
    {
      "type": "Feature",
      "geometry": {
        "type": "MultiPolygon",
        "coordinates": [
          [
            [
              [
                5.008510212,
                45.173216778
              ],
              [
                5.010745344,
                45.224615823
              ],
              [
                4.972775379,
                45.234381029
              ],
              [
                4.930090348,
                45.181173459
              ],
              [
                5.008510212,
                45.173216778
              ]
            ]
          ]
        ]
      },
      "properties": {
        "id": "m-px-tersanne-1974",
        "nom": "Tersanne",
        "date_debut": "07-11-1974",
        "date_fin": "20-11-1989",
        "type": "permis d'exploitation",
        "domaine": "minéraux et métaux",
        "statut": "échu",
        "substances": [
          "sels de sodium"
        ],
        "surface_totale": 28.32,
        "communes": [
          "Bathernay",
          "Châteauneuf-de-Galaure",
          "Claveyson",
          "Montchenu",
          "Ratières",
          "Saint-Avit",
          "Saint-Martin-d'Août",
          "Tersanne"
        ],
        "surface_par_communes": [
          {
            "nom": "Bathernay",
            "surface": 5
          },
          {
            "nom": "Châteauneuf-de-Galaure",
            "surface": 1
          },
          {
            "nom": "Claveyson",
            "surface": 1
          },
          {
            "nom": "Montchenu",
            "surface": 0
          },
          {
            "nom": "Ratières",
            "surface": 5
          },
          {
            "nom": "Saint-Avit",
            "surface": 8
          },
          {
            "nom": "Saint-Martin-d'Août",
            "surface": 6
          },
          {
            "nom": "Tersanne",
            "surface": 3
          }
        ],
        "forets": [],
        "facades_maritimes": [],
        "departements": [
          "Drôme"
        ],
        "regions": [
          "Auvergne-Rhône-Alpes"
        ],
        "administrations_noms": [
          "Direction régionale de l'environnement, de l'aménagement et du logement (DREAL) - Auvergne-Rhône-Alpes",
          "Préfecture - Drôme",
          "Ministère de l'Economie, des Finances et de la Relance & Ministère de la Transition écologique"
        ],
        "titulaires_noms": [
          "GDF"
        ],
        "titulaires_legal": [
          ""
        ],
        "amodiataires_noms": [],
        "amodiataires_legal": [],
        "references": [
          "RNTM: 26TM0012"
        ]
      }
    },
    {
      "type": "Feature",
      "geometry": {
        "type": "MultiPolygon",
        "coordinates": [
          [
            [
              [
                8.939404866,
                42.634842401
              ],
              [
                8.948843372,
                42.615416566
              ],
              [
                8.961624095,
                42.612630748
              ],
              [
                8.982172326,
                42.620377562
              ],
              [
                8.991218502,
                42.627291928
              ],
              [
                8.987381878,
                42.640252886
              ],
              [
                8.939404866,
                42.634842401
              ]
            ]
          ]
        ]
      },
      "properties": {
        "id": "m-cx-monticello-1865",
        "nom": "Monticello",
        "date_debut": "01-02-1865",
        "date_fin": "12-04-1922",
        "type": "concession",
        "domaine": "minéraux et métaux",
        "statut": "échu",
        "substances": [
          "plomb",
          "cuivre",
          "fluorine"
        ],
        "surface_totale": 8.75,
        "communes": [
          "L'Île-Rousse",
          "Monticello",
          "Occhiatana"
        ],
        "surface_par_communes": [
          {
            "nom": "L'Île-Rousse",
            "surface": 0
          },
          {
            "nom": "Monticello",
            "surface": 7
          },
          {
            "nom": "Occhiatana",
            "surface": 1
          }
        ],
        "forets": [],
        "facades_maritimes": [
          "Méditerranée"
        ],
        "departements": [
          "Haute-Corse"
        ],
        "regions": [
          "Corse"
        ],
        "administrations_noms": [
          "Direction régionale de l'environnement, de l'aménagement et du logement (DREAL) - Corse",
          "Préfecture - Haute-Corse",
          "Ministère de l'Economie, des Finances et de la Relance & Ministère de la Transition écologique"
        ],
        "titulaires_noms": [
          "Sebastien Piccioni"
        ],
        "titulaires_legal": [
          ""
        ],
        "amodiataires_noms": [],
        "amodiataires_legal": [],
        "references": [
          "RNTM: 2BTM0002"
        ]
      }
    },
    {
      "type": "Feature",
      "geometry": {
        "type": "MultiPolygon",
        "coordinates": [
          [
            [
              [
                1.163920606,
                46.322526903
              ],
              [
                1.15492538,
                46.308581974
              ],
              [
                1.174294154,
                46.314991049
              ],
              [
                1.180483758,
                46.32054733
              ],
              [
                1.163920606,
                46.322526903
              ]
            ]
          ]
        ]
      },
      "properties": {
        "id": "m-px-la-charbonniere-1963",
        "nom": "La Charbonniere",
        "date_debut": "22-06-1963",
        "date_fin": "09-08-1983",
        "type": "permis d'exploitation",
        "domaine": "minéraux et métaux",
        "statut": "échu",
        "substances": [
          "fluorine"
        ],
        "surface_totale": 1.36,
        "communes": [
          "Lussac-les-Églises",
          "Tersannes"
        ],
        "surface_par_communes": [
          {
            "nom": "Lussac-les-Églises",
            "surface": 1
          },
          {
            "nom": "Tersannes",
            "surface": 0
          }
        ],
        "forets": [],
        "facades_maritimes": [],
        "departements": [
          "Haute-Vienne"
        ],
        "regions": [
          "Nouvelle-Aquitaine"
        ],
        "administrations_noms": [
          "Direction régionale de l'environnement, de l'aménagement et du logement (DREAL) - Nouvelle-Aquitaine",
          "Préfecture - Haute-Vienne",
          "Ministère de l'Economie, des Finances et de la Relance & Ministère de la Transition écologique"
        ],
        "titulaires_noms": [
          "Dong Trieu"
        ],
        "titulaires_legal": [
          ""
        ],
        "amodiataires_noms": [],
        "amodiataires_legal": [],
        "references": [
          "RNTM: 87TM0016"
        ]
      }
    },
    {
      "type": "Feature",
      "geometry": {
        "type": "MultiPolygon",
        "coordinates": [
          [
            [
              [
                4.977644326,
                45.22648691
              ],
              [
                4.944874978,
                45.186082997
              ],
              [
                5.000303019,
                45.180287544
              ],
              [
                5.002144588,
                45.220519753
              ],
              [
                4.977644326,
                45.22648691
              ]
            ]
          ]
        ]
      },
      "properties": {
        "id": "s-cx-tersanne-1974",
        "nom": "Tersanne",
        "date_debut": "17-05-1974",
        "date_fin": "21-05-2044",
        "type": "concession",
        "domaine": "stockages souterrains",
        "statut": "valide",
        "substances": [
          "gaz combustible"
        ],
        "surface_totale": 14.96,
        "communes": [
          "Bathernay",
          "Châteauneuf-de-Galaure",
          "Ratières",
          "Saint-Avit",
          "Saint-Martin-d'Août",
          "Tersanne"
        ],
        "surface_par_communes": [
          {
            "nom": "Bathernay",
            "surface": 2
          },
          {
            "nom": "Châteauneuf-de-Galaure",
            "surface": 0
          },
          {
            "nom": "Ratières",
            "surface": 2
          },
          {
            "nom": "Saint-Avit",
            "surface": 6
          },
          {
            "nom": "Saint-Martin-d'Août",
            "surface": 3
          },
          {
            "nom": "Tersanne",
            "surface": 1
          }
        ],
        "forets": [],
        "facades_maritimes": [],
        "departements": [
          "Drôme"
        ],
        "regions": [
          "Auvergne-Rhône-Alpes"
        ],
        "administrations_noms": [
          "Direction régionale de l'environnement, de l'aménagement et du logement (DREAL) - Auvergne-Rhône-Alpes",
          "Préfecture - Drôme",
          "Ministère de l'Economie, des Finances et de la Relance & Ministère de la Transition écologique"
        ],
        "titulaires_noms": [
          "ENGIE"
        ],
        "titulaires_legal": [
          "542107651"
        ],
        "amodiataires_noms": [],
        "amodiataires_legal": [],
        "references": [
          "DGEC: CS190"
        ]
      }
    },
    {
      "type": "Feature",
      "geometry": {
        "type": "MultiPolygon",
        "coordinates": [
          [
            [
              [
                1.297339077,
                46.199941334
              ],
              [
                1.280346253,
                46.057708066
              ],
              [
                1.34146753,
                46.061860907
              ],
              [
                1.469442847,
                46.052924269
              ],
              [
                1.426337718,
                46.080570254
              ],
              [
                1.395889321,
                46.159727389
              ],
              [
                1.369296661,
                46.206247059
              ],
              [
                1.297339077,
                46.199941334
              ]
            ]
          ]
        ]
      },
      "properties": {
        "id": "r-cx-gartempe-1961",
        "nom": "Gartempe",
        "date_debut": "17-07-1961",
        "date_fin": "31-12-2018",
        "type": "concession",
        "domaine": "éléments radioactifs",
        "statut": "échu",
        "substances": [
          "uranium",
          "autres éléments radioactifs",
          "substances connexes"
        ],
        "surface_totale": 147.83,
        "communes": [
          "Bersac-sur-Rivalier",
          "Bessines-sur-Gartempe",
          "Châteauponsac",
          "Folles",
          "Fromental",
          "Razès",
          "Saint-Pardoux-le-Lac",
          "Saint-Amand-Magnazeix",
          "Saint-Léger-la-Montagne",
          "Saint-Sornin-Leulac",
          "Saint-Sulpice-Laurière"
        ],
        "surface_par_communes": [
          {
            "nom": "Bersac-sur-Rivalier",
            "surface": 18
          },
          {
            "nom": "Bessines-sur-Gartempe",
            "surface": 55
          },
          {
            "nom": "Châteauponsac",
            "surface": 28
          },
          {
            "nom": "Folles",
            "surface": 1
          },
          {
            "nom": "Fromental",
            "surface": 5
          },
          {
            "nom": "Razès",
            "surface": 1
          },
          {
            "nom": "Saint-Pardoux-le-Lac",
            "surface": 9
          },
          {
            "nom": "Saint-Amand-Magnazeix",
            "surface": 22
          },
          {
            "nom": "Saint-Léger-la-Montagne",
            "surface": 1
          },
          {
            "nom": "Saint-Sornin-Leulac",
            "surface": 8
          },
          {
            "nom": "Saint-Sulpice-Laurière",
            "surface": 1
          }
        ],
        "forets": [],
        "facades_maritimes": [],
        "departements": [
          "Haute-Vienne"
        ],
        "regions": [
          "Nouvelle-Aquitaine"
        ],
        "administrations_noms": [
          "Direction régionale de l'environnement, de l'aménagement et du logement (DREAL) - Nouvelle-Aquitaine",
          "Préfecture - Haute-Vienne"
        ],
        "titulaires_noms": [
          "ORANO DEMANTELEMENT"
        ],
        "titulaires_legal": [
          "305207169"
        ],
        "amodiataires_noms": [],
        "amodiataires_legal": [],
        "references": [
          "IRSN: 87TU02"
        ]
      }
    },
    {
      "type": "Feature",
      "geometry": {
        "type": "MultiPolygon",
        "coordinates": [
          [
            [
              [
                -4.638520148,
                48.47479397
              ],
              [
                -4.730781371,
                48.434169712
              ],
              [
                -4.722668614,
                48.402938237
              ],
              [
                -4.62165292,
                48.381964091
              ],
              [
                -4.558988081,
                48.425400373
              ],
              [
                -4.373271575,
                48.471511342
              ],
              [
                -4.370364497,
                48.533805086
              ],
              [
                -4.451638222,
                48.53025562
              ],
              [
                -4.638520148,
                48.47479397
              ]
            ]
          ]
        ]
      },
      "properties": {
        "id": "m-pr-saint-renan-1959",
        "nom": "Saint-Renan",
        "date_debut": "09-07-1959",
        "date_fin": "31-12-2018",
        "type": "permis exclusif de recherches",
        "domaine": "minéraux et métaux",
        "statut": "échu",
        "substances": [
          "plomb",
          "antimoine",
          "bismuth",
          "étain",
          "molybdène",
          "tungstène"
        ],
        "surface_totale": 213.84,
        "communes": [
          "Bohars",
          "Bourg-Blanc",
          "Brélès",
          "Brest",
          "Coat-Méal",
          "Le Drennec",
          "Gouesnou",
          "Guilers",
          "Guipavas",
          "Milizac-Guipronvel",
          "Kersaint-Plabennec",
          "Lanrivoaré",
          "Locmaria-Plouzané",
          "Plabennec",
          "Plouarzel",
          "Ploumoguer",
          "Plouvien",
          "Plouzané",
          "Saint-Renan",
          "Tréouergat"
        ],
        "surface_par_communes": [
          {
            "nom": "Bohars",
            "surface": 3
          },
          {
            "nom": "Bourg-Blanc",
            "surface": 23
          },
          {
            "nom": "Brélès",
            "surface": 1
          },
          {
            "nom": "Brest",
            "surface": 3
          },
          {
            "nom": "Coat-Méal",
            "surface": 5
          },
          {
            "nom": "Le Drennec",
            "surface": 3
          },
          {
            "nom": "Gouesnou",
            "surface": 5
          },
          {
            "nom": "Guilers",
            "surface": 9
          },
          {
            "nom": "Guipavas",
            "surface": 0
          },
          {
            "nom": "Milizac-Guipronvel",
            "surface": 39
          },
          {
            "nom": "Kersaint-Plabennec",
            "surface": 1
          },
          {
            "nom": "Lanrivoaré",
            "surface": 11
          },
          {
            "nom": "Locmaria-Plouzané",
            "surface": 4
          },
          {
            "nom": "Plabennec",
            "surface": 46
          },
          {
            "nom": "Plouarzel",
            "surface": 18
          },
          {
            "nom": "Ploumoguer",
            "surface": 14
          },
          {
            "nom": "Plouvien",
            "surface": 6
          },
          {
            "nom": "Plouzané",
            "surface": 8
          },
          {
            "nom": "Saint-Renan",
            "surface": 13
          },
          {
            "nom": "Tréouergat",
            "surface": 1
          }
        ],
        "forets": [],
        "facades_maritimes": [],
        "departements": [
          "Finistère"
        ],
        "regions": [
          "Bretagne"
        ],
        "administrations_noms": [
          "Direction régionale de l'environnement, de l'aménagement et du logement (DREAL) - Bretagne",
          "Préfecture - Finistère",
          "Ministère de l'Economie, des Finances et de la Relance & Ministère de la Transition écologique"
        ],
        "titulaires_noms": [
          "COMIREN"
        ],
        "titulaires_legal": [
          ""
        ],
        "amodiataires_noms": [],
        "amodiataires_legal": [],
        "references": [
          "RNTM: 29TM0009"
        ]
      }
    },
    {
      "type": "Feature",
      "geometry": {
        "type": "MultiPolygon",
        "coordinates": [
          [
            [
              [
                -4.370364497,
                48.533805086
              ],
              [
                -4.373271575,
                48.471511342
              ],
              [
                -4.037534853,
                48.579164636
              ],
              [
                -3.89919703,
                48.603980179
              ],
              [
                -3.860482329,
                48.625113898
              ],
              [
                -3.858436312,
                48.629031692
              ],
              [
                -3.86215726,
                48.633014015
              ],
              [
                -3.870281882,
                48.635500104
              ],
              [
                -3.879786359,
                48.639113644
              ],
              [
                -3.895430188,
                48.644557708
              ],
              [
                -3.899022734,
                48.648227893
              ],
              [
                -3.90253698,
                48.654435033
              ],
              [
                -3.906528075,
                48.660616435
              ],
              [
                -3.904489575,
                48.664330717
              ],
              [
                -3.896475738,
                48.666019002
              ],
              [
                -3.890673665,
                48.667020244
              ],
              [
                -3.890721316,
                48.67062456
              ],
              [
                -3.892950905,
                48.670887707
              ],
              [
                -3.898005278,
                48.672393564
              ],
              [
                -3.899241395,
                48.670746246
              ],
              [
                -3.90330081,
                48.670342647
              ],
              [
                -3.907548441,
                48.669106352
              ],
              [
                -3.911853966,
                48.669954398
              ],
              [
                -3.914635549,
                48.673225689
              ],
              [
                -3.920575104,
                48.674586962
              ],
              [
                -3.924157594,
                48.669749821
              ],
              [
                -3.927138109,
                48.665380946
              ],
              [
                -3.927802453,
                48.661788272
              ],
              [
                -3.928800048,
                48.660065332
              ],
              [
                -3.930674659,
                48.657424523
              ],
              [
                -3.93438502,
                48.65730036
              ],
              [
                -3.940574302,
                48.656827503
              ],
              [
                -3.949892212,
                48.653210569
              ],
              [
                -3.95189517,
                48.649836462
              ],
              [
                -3.951358484,
                48.646306571
              ],
              [
                -3.952791103,
                48.644560973
              ],
              [
                -3.954311042,
                48.645351101
              ],
              [
                -3.957178207,
                48.650935069
              ],
              [
                -3.956326865,
                48.65475621
              ],
              [
                -3.954939197,
                48.660494858
              ],
              [
                -3.958264581,
                48.663512175
              ],
              [
                -3.954301077,
                48.665175331
              ],
              [
                -3.958113788,
                48.666788216
              ],
              [
                -3.958288501,
                48.670046223
              ],
              [
                -3.953583216,
                48.67102224
              ],
              [
                -3.952154912,
                48.672805422
              ],
              [
                -3.954601923,
                48.673546496
              ],
              [
                -3.957150324,
                48.672866731
              ],
              [
                -3.962232217,
                48.674085603
              ],
              [
                -3.96509885,
                48.676472906
              ],
              [
                -3.968196893,
                48.673549778
              ],
              [
                -3.9705525,
                48.67336152
              ],
              [
                -3.97190715,
                48.674295372
              ],
              [
                -3.971687731,
                48.675651399
              ],
              [
                -3.968925352,
                48.679986212
              ],
              [
                -3.972768351,
                48.686812791
              ],
              [
                -3.96990504,
                48.687617856
              ],
              [
                -3.967785856,
                48.692741649
              ],
              [
                -3.970503954,
                48.693904042
              ],
              [
                -3.974129067,
                48.696651416
              ],
              [
                -3.976827176,
                48.699084232
              ],
              [
                -3.97396406,
                48.702070529
              ],
              [
                -3.975577154,
                48.704490127
              ],
              [
                -3.972337758,
                48.705823338
              ],
              [
                -3.974038536,
                48.710344199
              ],
              [
                -3.972061363,
                48.711684333
              ],
              [
                -3.969407495,
                48.719194636
              ],
              [
                -3.966114995,
                48.719188628
              ],
              [
                -3.964815895,
                48.722489734
              ],
              [
                -3.968123623,
                48.722168087
              ],
              [
                -3.970117554,
                48.723982509
              ],
              [
                -3.971030085,
                48.725317257
              ],
              [
                -3.974105494,
                48.724427145
              ],
              [
                -3.977130032,
                48.72223267
              ],
              [
                -3.980384707,
                48.722821496
              ],
              [
                -3.982675687,
                48.72451484
              ],
              [
                -3.983159794,
                48.726232195
              ],
              [
                -3.98565552,
                48.726898197
              ],
              [
                -3.988412331,
                48.72700481
              ],
              [
                -3.990251104,
                48.725889756
              ],
              [
                -3.992106999,
                48.723541172
              ],
              [
                -3.992308257,
                48.722040728
              ],
              [
                -3.990818477,
                48.718380553
              ],
              [
                -3.993241559,
                48.715311147
              ],
              [
                -3.997261819,
                48.712735848
              ],
              [
                -4.000886986,
                48.71141717
              ],
              [
                -4.005573266,
                48.71519549
              ],
              [
                -4.004640753,
                48.716989016
              ],
              [
                -4.007861713,
                48.720446758
              ],
              [
                -4.009590287,
                48.72068102
              ],
              [
                -4.012907972,
                48.718651658
              ],
              [
                -4.010881803,
                48.716872551
              ],
              [
                -4.013298575,
                48.713765123
              ],
              [
                -4.018283788,
                48.711465155
              ],
              [
                -4.025022668,
                48.710486602
              ],
              [
                -4.02910291,
                48.710975152
              ],
              [
                -4.032895376,
                48.712496949
              ],
              [
                -4.034013865,
                48.71364906
              ],
              [
                -4.035203599,
                48.713860491
              ],
              [
                -4.036426674,
                48.711761571
              ],
              [
                -4.035857819,
                48.709359786
              ],
              [
                -4.037836186,
                48.70536885
              ],
              [
                -4.040876441,
                48.703317062
              ],
              [
                -4.042661396,
                48.702676585
              ],
              [
                -4.044522858,
                48.702648353
              ],
              [
                -4.048746773,
                48.705369521
              ],
              [
                -4.051782618,
                48.704581024
              ],
              [
                -4.053387641,
                48.702371107
              ],
              [
                -4.054960885,
                48.698875107
              ],
              [
                -4.057098905,
                48.688336149
              ],
              [
                -4.047492224,
                48.688190555
              ],
              [
                -4.042646159,
                48.688356682
              ],
              [
                -4.055708779,
                48.68518799
              ],
              [
                -4.061384711,
                48.687678086
              ],
              [
                -4.063856568,
                48.686264868
              ],
              [
                -4.0690067,
                48.687977417
              ],
              [
                -4.066114156,
                48.686000637
              ],
              [
                -4.065917762,
                48.683831884
              ],
              [
                -4.065364351,
                48.682819634
              ],
              [
                -4.062811851,
                48.682436386
              ],
              [
                -4.063604286,
                48.680735563
              ],
              [
                -4.06124934,
                48.680199155
              ],
              [
                -4.060491984,
                48.67893669
              ],
              [
                -4.056630622,
                48.675236423
              ],
              [
                -4.055350396,
                48.671799951
              ],
              [
                -4.057224937,
                48.67057288
              ],
              [
                -4.057969445,
                48.675068848
              ],
              [
                -4.059622862,
                48.675122345
              ],
              [
                -4.060246822,
                48.676131453
              ],
              [
                -4.063213863,
                48.678150029
              ],
              [
                -4.064507934,
                48.677605925
              ],
              [
                -4.067195179,
                48.678916615
              ],
              [
                -4.068000602,
                48.682724469
              ],
              [
                -4.071167084,
                48.684622412
              ],
              [
                -4.080222241,
                48.68971209
              ],
              [
                -4.082890717,
                48.693212237
              ],
              [
                -4.083734189,
                48.691685493
              ],
              [
                -4.086458103,
                48.690056967
              ],
              [
                -4.089229803,
                48.691615276
              ],
              [
                -4.091651149,
                48.691711736
              ],
              [
                -4.095188717,
                48.68696561
              ],
              [
                -4.09738384,
                48.693564648
              ],
              [
                -4.102536986,
                48.693512213
              ],
              [
                -4.106197887,
                48.692515839
              ],
              [
                -4.109568286,
                48.69472448
              ],
              [
                -4.115803404,
                48.695067914
              ],
              [
                -4.118098969,
                48.692778728
              ],
              [
                -4.125116647,
                48.69387717
              ],
              [
                -4.127837462,
                48.693614767
              ],
              [
                -4.131236501,
                48.696047596
              ],
              [
                -4.136181127,
                48.692931071
              ],
              [
                -4.14213262,
                48.692378144
              ],
              [
                -4.150020163,
                48.692173773
              ],
              [
                -4.152170301,
                48.691487051
              ],
              [
                -4.162483099,
                48.688330238
              ],
              [
                -4.174170899,
                48.657628673
              ],
              [
                -4.409843663,
                48.633874515
              ],
              [
                -4.370364497,
                48.533805086
              ]
            ]
          ]
        ]
      },
      "properties": {
        "id": "m-pr-lesneven-1960",
        "nom": "Lesneven",
        "date_debut": "22-04-1960",
        "date_fin": "29-04-1966",
        "type": "permis exclusif de recherches",
        "domaine": "minéraux et métaux",
        "statut": "échu",
        "substances": [
          "étain",
          "bismuth",
          "molybdène",
          "tungstène"
        ],
        "surface_totale": 517.49,
        "communes": [
          "Plounéour-Brignogan-plages",
          "Carantec",
          "Cléder",
          "Le Drennec",
          "Le Folgoët",
          "Goulven",
          "Guiclan",
          "Guissény",
          "Henvic",
          "Kerlouan",
          "Kernilis",
          "Kernouës",
          "Kersaint-Plabennec",
          "Lanarvily",
          "Lanhouarneau",
          "Lesneven",
          "Locquénolé",
          "Mespaul",
          "Plabennec",
          "Ploudaniel",
          "Plouédern",
          "Plouénan",
          "Plouescat",
          "Plougar",
          "Plougoulm",
          "Plougourvest",
          "Plouider",
          "Plounéventer",
          "Plounévez-Lochrist",
          "Plouvorn",
          "Plouzévédé",
          "Roscoff",
          "Saint-Derrien",
          "Saint-Frégant",
          "Saint-Méen",
          "Saint-Pol-de-Léon",
          "Saint-Servais",
          "Saint-Thonan",
          "Saint-Vougay",
          "Santec",
          "Sibiril",
          "Taulé",
          "Tréflaouénan",
          "Tréflez",
          "Trégarantec",
          "Trémaouézan",
          "Trézilidé"
        ],
        "surface_par_communes": [
          {
            "nom": "Plounéour-Brignogan-plages",
            "surface": 3
          },
          {
            "nom": "Carantec",
            "surface": 8
          },
          {
            "nom": "Cléder",
            "surface": 37
          },
          {
            "nom": "Le Drennec",
            "surface": 2
          },
          {
            "nom": "Le Folgoët",
            "surface": 10
          },
          {
            "nom": "Goulven",
            "surface": 7
          },
          {
            "nom": "Guiclan",
            "surface": 0
          },
          {
            "nom": "Guissény",
            "surface": 8
          },
          {
            "nom": "Henvic",
            "surface": 10
          },
          {
            "nom": "Kerlouan",
            "surface": 4
          },
          {
            "nom": "Kernilis",
            "surface": 1
          },
          {
            "nom": "Kernouës",
            "surface": 8
          },
          {
            "nom": "Kersaint-Plabennec",
            "surface": 5
          },
          {
            "nom": "Lanarvily",
            "surface": 3
          },
          {
            "nom": "Lanhouarneau",
            "surface": 18
          },
          {
            "nom": "Lesneven",
            "surface": 10
          },
          {
            "nom": "Locquénolé",
            "surface": 0
          },
          {
            "nom": "Mespaul",
            "surface": 12
          },
          {
            "nom": "Plabennec",
            "surface": 1
          },
          {
            "nom": "Ploudaniel",
            "surface": 41
          },
          {
            "nom": "Plouédern",
            "surface": 1
          },
          {
            "nom": "Plouénan",
            "surface": 30
          },
          {
            "nom": "Plouescat",
            "surface": 6
          },
          {
            "nom": "Plougar",
            "surface": 12
          },
          {
            "nom": "Plougoulm",
            "surface": 18
          },
          {
            "nom": "Plougourvest",
            "surface": 2
          },
          {
            "nom": "Plouider",
            "surface": 24
          },
          {
            "nom": "Plounéventer",
            "surface": 12
          },
          {
            "nom": "Plounévez-Lochrist",
            "surface": 39
          },
          {
            "nom": "Plouvorn",
            "surface": 14
          },
          {
            "nom": "Plouzévédé",
            "surface": 18
          },
          {
            "nom": "Roscoff",
            "surface": 6
          },
          {
            "nom": "Saint-Derrien",
            "surface": 11
          },
          {
            "nom": "Saint-Frégant",
            "surface": 8
          },
          {
            "nom": "Saint-Méen",
            "surface": 12
          },
          {
            "nom": "Saint-Pol-de-Léon",
            "surface": 23
          },
          {
            "nom": "Saint-Servais",
            "surface": 0
          },
          {
            "nom": "Saint-Thonan",
            "surface": 3
          },
          {
            "nom": "Saint-Vougay",
            "surface": 15
          },
          {
            "nom": "Santec",
            "surface": 8
          },
          {
            "nom": "Sibiril",
            "surface": 11
          },
          {
            "nom": "Taulé",
            "surface": 14
          },
          {
            "nom": "Tréflaouénan",
            "surface": 8
          },
          {
            "nom": "Tréflez",
            "surface": 16
          },
          {
            "nom": "Trégarantec",
            "surface": 5
          },
          {
            "nom": "Trémaouézan",
            "surface": 4
          },
          {
            "nom": "Trézilidé",
            "surface": 5
          }
        ],
        "forets": [],
        "facades_maritimes": [
          "Nord Atlantique - Manche Ouest"
        ],
        "departements": [
          "Côtes-d'Armor",
          "Finistère",
          "Ille-et-Vilaine"
        ],
        "regions": [
          "Bretagne"
        ],
        "administrations_noms": [
          "Direction régionale de l'environnement, de l'aménagement et du logement (DREAL) - Bretagne",
          "Préfecture - Côtes-d'Armor",
          "Préfecture - Finistère",
          "Préfecture - Ille-et-Vilaine",
          "Ministère de l'Economie, des Finances et de la Relance & Ministère de la Transition écologique"
        ],
        "titulaires_noms": [
          "COMIREN"
        ],
        "titulaires_legal": [
          ""
        ],
        "amodiataires_noms": [],
        "amodiataires_legal": [],
        "references": [
          "RNTM: 29TM0014"
        ]
      }
    },
    {
      "type": "Feature",
      "geometry": {
        "type": "MultiPolygon",
        "coordinates": [
          [
            [
              [
                1.236182493,
                45.472578767
              ],
              [
                1.235232942,
                45.455925761
              ],
              [
                1.242703011,
                45.450255849
              ],
              [
                1.284230908,
                45.455306289
              ],
              [
                1.313842874,
                45.481586126
              ],
              [
                1.384949039,
                45.496655332
              ],
              [
                1.391131162,
                45.528019214
              ],
              [
                1.356428921,
                45.517300808
              ],
              [
                1.287889254,
                45.493971289
              ],
              [
                1.236182493,
                45.472578767
              ]
            ]
          ]
        ]
      },
      "properties": {
        "id": "m-pr-soirat-1993",
        "nom": "Soirat",
        "date_debut": "22-03-1993",
        "date_fin": "31-12-2018",
        "type": "permis exclusif de recherches",
        "domaine": "minéraux et métaux",
        "statut": "échu",
        "substances": [
          "or",
          "antimoine",
          "argent"
        ],
        "surface_totale": 36.64,
        "communes": [
          "Lubersac",
          "Saint-Éloy-les-Tuileries",
          "Saint-Julien-le-Vendômois",
          "Coussac-Bonneval",
          "Glandon",
          "Meuzac",
          "Saint-Yrieix-la-Perche"
        ],
        "surface_par_communes": [
          {
            "nom": "Lubersac",
            "surface": 0
          },
          {
            "nom": "Saint-Éloy-les-Tuileries",
            "surface": 4
          },
          {
            "nom": "Saint-Julien-le-Vendômois",
            "surface": 4
          },
          {
            "nom": "Coussac-Bonneval",
            "surface": 20
          },
          {
            "nom": "Glandon",
            "surface": 7
          },
          {
            "nom": "Meuzac",
            "surface": 0
          },
          {
            "nom": "Saint-Yrieix-la-Perche",
            "surface": 2
          }
        ],
        "forets": [],
        "facades_maritimes": [],
        "departements": [
          "Corrèze",
          "Haute-Vienne"
        ],
        "regions": [
          "Nouvelle-Aquitaine"
        ],
        "administrations_noms": [
          "Direction régionale de l'environnement, de l'aménagement et du logement (DREAL) - Nouvelle-Aquitaine",
          "Préfecture - Corrèze",
          "Préfecture - Haute-Vienne",
          "Ministère de l'Economie, des Finances et de la Relance & Ministère de la Transition écologique"
        ],
        "titulaires_noms": [
          "ORANO DEMANTELEMENT"
        ],
        "titulaires_legal": [
          "305207169"
        ],
        "amodiataires_noms": [],
        "amodiataires_legal": [],
        "references": [
          "RNTM: 87TM0155"
        ]
      }
    },
    {
      "type": "Feature",
      "geometry": {
        "type": "MultiPolygon",
        "coordinates": [
          [
            [
              [
                8.647418467,
                42.303402403
              ],
              [
                8.65089531,
                42.321279346
              ],
              [
                8.626815183,
                42.331257802
              ],
              [
                8.615520175,
                42.326499386
              ],
              [
                8.647418467,
                42.303402403
              ]
            ]
          ]
        ]
      },
      "properties": {
        "id": "f-cx-osani-1889",
        "nom": "Osani",
        "date_debut": "06-06-1889",
        "date_fin": "11-04-1974",
        "type": "concession",
        "domaine": "combustibles fossiles",
        "statut": "échu",
        "substances": [
          "houille"
        ],
        "surface_totale": 4.02,
        "communes": [
          "Osani"
        ],
        "surface_par_communes": [
          {
            "nom": "Osani",
            "surface": 4
          }
        ],
        "forets": [],
        "facades_maritimes": [
          "Méditerranée"
        ],
        "departements": [
          "Corse-du-Sud"
        ],
        "regions": [
          "Corse"
        ],
        "administrations_noms": [
          "Direction régionale de l'environnement, de l'aménagement et du logement (DREAL) - Corse",
          "Préfecture - Corse-du-Sud",
          "Ministère de l'Economie, des Finances et de la Relance & Ministère de la Transition écologique"
        ],
        "titulaires_noms": [
          "Union minière de la Méditerranée"
        ],
        "titulaires_legal": [
          ""
        ],
        "amodiataires_noms": [],
        "amodiataires_legal": [],
        "references": [
          "RNTM: 2ATM0002"
        ]
      }
    },
    {
      "type": "Feature",
      "geometry": {
        "type": "MultiPolygon",
        "coordinates": [
          [
            [
              [
                1.034585118,
                46.238878532
              ],
              [
                1.096937445,
                46.244401591
              ],
              [
                1.098822043,
                46.276552237
              ],
              [
                0.997566143,
                46.280356746
              ],
              [
                0.998548549,
                46.246192457
              ],
              [
                1.034585118,
                46.238878532
              ]
            ]
          ]
        ]
      },
      "properties": {
        "id": "m-pr-la-belleterie-1990",
        "nom": "La Belleterie",
        "date_debut": "05-10-1990",
        "date_fin": "31-12-2018",
        "type": "permis exclusif de recherches",
        "domaine": "minéraux et métaux",
        "statut": "échu",
        "substances": [
          "or",
          "antimoine",
          "argent"
        ],
        "surface_totale": 31.19,
        "communes": [
          "Azat-le-Ris",
          "La Bazeuge",
          "Val-d'Oire-et-Gartempe",
          "Oradour-Saint-Genest",
          "Tersannes"
        ],
        "surface_par_communes": [
          {
            "nom": "Azat-le-Ris",
            "surface": 8
          },
          {
            "nom": "La Bazeuge",
            "surface": 8
          },
          {
            "nom": "Val-d'Oire-et-Gartempe",
            "surface": 0
          },
          {
            "nom": "Oradour-Saint-Genest",
            "surface": 16
          },
          {
            "nom": "Tersannes",
            "surface": 0
          }
        ],
        "forets": [],
        "facades_maritimes": [],
        "departements": [
          "Haute-Vienne"
        ],
        "regions": [
          "Nouvelle-Aquitaine"
        ],
        "administrations_noms": [
          "Direction régionale de l'environnement, de l'aménagement et du logement (DREAL) - Nouvelle-Aquitaine",
          "Préfecture - Haute-Vienne",
          "Ministère de l'Economie, des Finances et de la Relance & Ministère de la Transition écologique"
        ],
        "titulaires_noms": [
          "Bureau de Recherches Géologiques et Minières"
        ],
        "titulaires_legal": [
          ""
        ],
        "amodiataires_noms": [],
        "amodiataires_legal": [],
        "references": [
          "RNTM: 87TM0157"
        ]
      }
    },
    {
      "type": "Feature",
      "geometry": {
        "type": "MultiPolygon",
        "coordinates": [
          [
            [
              [
                7.577861609,
                48.121385612
              ],
              [
                7.425428425,
                48.126118097
              ],
              [
                7.342929545,
                47.914579507
              ],
              [
                7.470850136,
                47.890639121
              ],
              [
                7.573524642,
                47.889415836
              ],
              [
                7.575789667,
                47.890622388
              ],
              [
                7.580396125,
                47.894515501
              ],
              [
                7.581864407,
                47.896477229
              ],
              [
                7.583515789,
                47.901630195
              ],
              [
                7.58309349,
                47.904805207
              ],
              [
                7.582353308,
                47.912858225
              ],
              [
                7.581748086,
                47.91824965
              ],
              [
                7.580589021,
                47.922762589
              ],
              [
                7.581155587,
                47.927699097
              ],
              [
                7.583296783,
                47.93111353
              ],
              [
                7.591403868,
                47.939807694
              ],
              [
                7.602546339,
                47.947957928
              ],
              [
                7.608836976,
                47.953173022
              ],
              [
                7.612118099,
                47.957125246
              ],
              [
                7.617324693,
                47.963559774
              ],
              [
                7.621110947,
                47.96920207
              ],
              [
                7.622174343,
                47.973795649
              ],
              [
                7.621435782,
                47.977795287
              ],
              [
                7.618623599,
                47.98589814
              ],
              [
                7.614531378,
                47.993293231
              ],
              [
                7.60543939,
                48.00375306
              ],
              [
                7.589122679,
                48.016563302
              ],
              [
                7.576863978,
                48.026350313
              ],
              [
                7.570346169,
                48.031734946
              ],
              [
                7.568670254,
                48.037171499
              ],
              [
                7.571525515,
                48.04425346
              ],
              [
                7.57339814,
                48.048624449
              ],
              [
                7.573808024,
                48.053028764
              ],
              [
                7.573764555,
                48.056635578
              ],
              [
                7.573764555,
                48.056635578
              ],
              [
                7.569438069,
                48.083414782
              ],
              [
                7.573148264,
                48.090679197
              ],
              [
                7.577661215,
                48.096430394
              ],
              [
                7.579661381,
                48.102333391
              ],
              [
                7.578895302,
                48.110195015
              ],
              [
                7.577282603,
                48.116009332
              ],
              [
                7.577083452,
                48.118310966
              ],
              [
                7.577861609,
                48.121385612
              ]
            ]
          ]
        ]
      },
      "properties": {
        "id": "m-pr-colmar-guebwiller-1970-1970",
        "nom": "Colmar, Guebwiller (1970)",
        "date_debut": "01-01-1970",
        "date_fin": "31-12-2018",
        "type": "permis exclusif de recherches",
        "domaine": "minéraux et métaux",
        "statut": "échu",
        "substances": [
          "sels de sodium"
        ],
        "surface_totale": 391.35,
        "communes": [
          "Marckolsheim",
          "Algolsheim",
          "Andolsheim",
          "Appenwihr",
          "Artzenheim",
          "Balgau",
          "Baltzenheim",
          "Biesheim",
          "Biltzheim",
          "Bischwihr",
          "Blodelsheim",
          "Colmar",
          "Dessenheim",
          "Durrenentzen",
          "Fessenheim",
          "Fortschwihr",
          "Geiswasser",
          "Heiteren",
          "Hettenschlag",
          "Hirtzfelden",
          "Porte du Ried",
          "Horbourg-Wihr",
          "Jebsheim",
          "Kunheim",
          "Logelheim",
          "Meyenheim",
          "Muntzenheim",
          "Munwiller",
          "Nambsheim",
          "Neuf-Brisach",
          "Niederentzen",
          "Niederhergheim",
          "Oberentzen",
          "Oberhergheim",
          "Obersaasheim",
          "Réguisheim",
          "Roggenhouse",
          "Rustenhart",
          "Sainte-Croix-en-Plaine",
          "Sundhoffen",
          "Urschenheim",
          "Vogelgrun",
          "Volgelsheim",
          "Weckolsheim",
          "Wickerschwihr",
          "Widensolen",
          "Wolfgantzen"
        ],
        "surface_par_communes": [
          {
            "nom": "Marckolsheim",
            "surface": 0
          },
          {
            "nom": "Algolsheim",
            "surface": 7
          },
          {
            "nom": "Andolsheim",
            "surface": 12
          },
          {
            "nom": "Appenwihr",
            "surface": 8
          },
          {
            "nom": "Artzenheim",
            "surface": 9
          },
          {
            "nom": "Balgau",
            "surface": 9
          },
          {
            "nom": "Baltzenheim",
            "surface": 6
          },
          {
            "nom": "Biesheim",
            "surface": 16
          },
          {
            "nom": "Biltzheim",
            "surface": 4
          },
          {
            "nom": "Bischwihr",
            "surface": 3
          },
          {
            "nom": "Blodelsheim",
            "surface": 6
          },
          {
            "nom": "Colmar",
            "surface": 0
          },
          {
            "nom": "Dessenheim",
            "surface": 19
          },
          {
            "nom": "Durrenentzen",
            "surface": 6
          },
          {
            "nom": "Fessenheim",
            "surface": 19
          },
          {
            "nom": "Fortschwihr",
            "surface": 5
          },
          {
            "nom": "Geiswasser",
            "surface": 8
          },
          {
            "nom": "Heiteren",
            "surface": 22
          },
          {
            "nom": "Hettenschlag",
            "surface": 8
          },
          {
            "nom": "Hirtzfelden",
            "surface": 18
          },
          {
            "nom": "Porte du Ried",
            "surface": 3
          },
          {
            "nom": "Horbourg-Wihr",
            "surface": 3
          },
          {
            "nom": "Jebsheim",
            "surface": 8
          },
          {
            "nom": "Kunheim",
            "surface": 12
          },
          {
            "nom": "Logelheim",
            "surface": 4
          },
          {
            "nom": "Meyenheim",
            "surface": 10
          },
          {
            "nom": "Muntzenheim",
            "surface": 6
          },
          {
            "nom": "Munwiller",
            "surface": 3
          },
          {
            "nom": "Nambsheim",
            "surface": 10
          },
          {
            "nom": "Neuf-Brisach",
            "surface": 1
          },
          {
            "nom": "Niederentzen",
            "surface": 8
          },
          {
            "nom": "Niederhergheim",
            "surface": 9
          },
          {
            "nom": "Oberentzen",
            "surface": 8
          },
          {
            "nom": "Oberhergheim",
            "surface": 16
          },
          {
            "nom": "Obersaasheim",
            "surface": 13
          },
          {
            "nom": "Réguisheim",
            "surface": 0
          },
          {
            "nom": "Roggenhouse",
            "surface": 2
          },
          {
            "nom": "Rustenhart",
            "surface": 12
          },
          {
            "nom": "Sainte-Croix-en-Plaine",
            "surface": 15
          },
          {
            "nom": "Sundhoffen",
            "surface": 11
          },
          {
            "nom": "Urschenheim",
            "surface": 6
          },
          {
            "nom": "Vogelgrun",
            "surface": 5
          },
          {
            "nom": "Volgelsheim",
            "surface": 9
          },
          {
            "nom": "Weckolsheim",
            "surface": 7
          },
          {
            "nom": "Wickerschwihr",
            "surface": 2
          },
          {
            "nom": "Widensolen",
            "surface": 11
          },
          {
            "nom": "Wolfgantzen",
            "surface": 9
          }
        ],
        "forets": [],
        "facades_maritimes": [],
        "departements": [
          "Bas-Rhin",
          "Haut-Rhin"
        ],
        "regions": [
          "Grand Est"
        ],
        "administrations_noms": [
          "Direction régionale de l'environnement, de l'aménagement et du logement (DREAL) - Grand Est",
          "Préfecture - Bas-Rhin",
          "Préfecture - Haut-Rhin",
          "Ministère de l'Economie, des Finances et de la Relance & Ministère de la Transition écologique"
        ],
        "titulaires_noms": [],
        "titulaires_legal": [],
        "amodiataires_noms": [],
        "amodiataires_legal": [],
        "references": [
          "RNTM: 68TM0353"
        ]
      }
    }
  ]
}