{"type": "FeatureCollection", "features": [{"type": "Feature", "geometry": {"type": "Polygon", "coordinates": [[[9.081958707859599, 41.69860363153121], [9.052460933705035, 41.705728253874014], [9.050566531497047, 41.70999883960574], [9.076522287635175, 41.713871132207025], [9.090681802740354, 41.721303615355595], [9.094515945495754, 41.70626306425705], [9.081958707859599, 41.69860363153121]]]}, "properties": {"code": "2A011", "nom": "Altagène"}}, {"type": "Feature", "geometry": {"type": "Polygon", "coordinates": [[[9.381223574235959, 42.789606376533406], [9.36852498196133, 42.7949909226439], [9.358651815210607, 42.80706202788961], [9.365458083816414, 42.821190627111974], [9.385349703832562, 42.82743951057289], [9.407414810743003, 42.813323695920005], [9.406850397305085, 42.80455239964033], [9.416430813489693, 42.795628816733895], [9.418387471023742, 42.78851070722245], [9.381223574235959, 42.789606376533406]]]}, "properties": {"code": "2B184", "nom": "Olcani"}}, {"type": "Feature", "geometry": {"type": "Polygon", "coordinates": [[[8.906112169782215, 42.02609367903299], [8.915742522930508, 42.030348475315606], [8.919026186898991, 42.04093172837199], [8.947215521603388, 42.05455947809016], [8.958561553021804, 42.044838132969254], [8.9657671728721, 42.02675323038856], [8.962778341189644, 42.01956943423811], [8.938407238425436, 42.01407585795967], [8.892960025587374, 42.01664670721959], [8.906112169782215, 42.02609367903299]]]}, "properties": {"code": "2A062", "nom": "Carbuccia"}}, {"type": "Feature", "geometry": {"type": "Polygon", "coordinates": [[[9.169624373511114, 41.61627781963371], [9.18383136705231, 41.601993485975385], [9.19192953626297, 41.57617763599521], [9.214781883273096, 41.5616756254035], [9.22012022250683, 41.564313766738806], [9.241394896305126, 41.54029695017792], [9.23393933348117, 41.516402520434646], [9.23503685318898, 41.50690676142984], [9.227687837209006, 41.50960439097141], [9.19131278819672, 41.495195685556126], [9.165697930096146, 41.510242322872486], [9.174748670901577, 41.52798422339398], [9.164544184877695, 41.555844674614704], [9.15407263221727, 41.55231100031262], [9.133846826695672, 41.565924927362225], [9.11199660637074, 41.596066919165516], [9.131112180393988, 41.59781653391723], [9.149876978454332, 41.61349084422876], [9.169624373511114, 41.61627781963371]]]}, "properties": {"code": "2A288", "nom": "Sotta"}}, {"type": "Feature", "geometry": {"type": "Polygon", "coordinates": [[[8.993807833049562, 42.32421632491971], [8.99789444783103, 42.33409894579257], [9.025096182285617, 42.352615667948974], [9.042286245632807, 42.33456659860337], [9.060712856122391, 42.32632342432765], [9.075871268865463, 42.31379282920916], [9.038769368957059, 42.295691373514124], [9.028320540938799, 42.30198189055567], [9.010995792123676, 42.32345973931244], [8.993807833049562, 42.32421632491971]]]}, "properties": {"code": "2B047", "nom": "Calacuccia"}}, {"type": "Feature", "geometry": {"type": "Polygon", "coordinates": [[[9.482133852204658, 42.35547457604978], [9.487178670568168, 42.373645358650386], [9.508569381112903, 42.3817978588268], [9.53262538433347, 42.37902298010422], [9.535137463579053, 42.35885552133596], [9.490611158146438, 42.36233847906618], [9.482133852204658, 42.35547457604978]]]}, "properties": {"code": "2B313", "nom": "San-Nicolao"}}, {"type": "Feature", "geometry": {"type": "Polygon", "coordinates": [[[9.169624373511114, 41.61627781963371], [9.170626322781912, 41.64417056420552], [9.163836250490274, 41.65564012223284], [9.19328270139486, 41.67415071434488], [9.189330821164447, 41.683338101980496], [9.197114921976716, 41.68674425277765], [9.213272158265662, 41.67844826307728], [9.220673664806185, 41.661209017216706], [9.2354246193831, 41.66324458549886], [9.247716267361561, 41.65666767608171], [9.279192914572011, 41.63148480879829], [9.290554293260888, 41.64086807008885], [9.322354811063429, 41.65409472725267], [9.32929345407929, 41.63374788034645], [9.313613500358647, 41.628610390014636], [9.306025212247295, 41.617471625937775], [9.287840387799415, 41.60914794779935], [9.284545739508937, 41.59383757694207], [9.29567773050855, 41.58331885207275], [9.318344988667189, 41.6047399703157], [9.332378860291696, 41.60369617737378], [9.34252879858136, 41.59419591263976], [9.36503837356039, 41.596436995156616], [9.340899619682366, 41.55924083522704], [9.32399012909084, 41.55723919526774], [9.30264040024383, 41.54562427007991], [9.283924696074152, 41.52045330843586], [9.275933489334097, 41.49643794136652], [9.287652114881904, 41.49482844077673], [9.287259445158057, 41.48379094520469], [9.269893136224928, 41.48471440805278], [9.259913082538038, 41.4913818733605], [9.243922552156961, 41.48571567091855], [9.23503685318898, 41.50690676142984], [9.23393933348117, 41.516402520434646], [9.241394896305126, 41.54029695017792], [9.22012022250683, 41.564313766738806], [9.214781883273096, 41.5616756254035], [9.19192953626297, 41.57617763599521], [9.18383136705231, 41.601993485975385], [9.169624373511114, 41.61627781963371]]]}, "properties": {"code": "2A247", "nom": "Porto-Vecchio"}}, {"type": "Feature", "geometry": {"type": "Polygon", "coordinates": [[[8.94365615886897, 41.983065968616074], [8.946707675540392, 41.98912000779952], [8.974181908668962, 42.004680143047054], [8.975631428618835, 41.99778644912801], [8.992803330974311, 41.99466036336061], [9.004260738640072, 41.98189542676726], [8.994263356105797, 41.966510844961], [8.98167188123022, 41.95589040866595], [8.981224614930671, 41.94413100390829], [8.96360181879905, 41.93278503679304], [8.950219831850754, 41.93098165089529], [8.929800251811981, 41.934157889781545], [8.94450982050348, 41.93895227370321], [8.952263846209664, 41.95119159857822], [8.946905886868658, 41.9590795305749], [8.949463711519854, 41.972256181961846], [8.94365615886897, 41.983065968616074]]]}, "properties": {"code": "2A326", "nom": "Tolla"}}, {"type": "Feature", "geometry": {"type": "Polygon", "coordinates": [[[9.274476986548425, 42.30222259487542], [9.277495213613863, 42.3192556448148], [9.29272441459348, 42.310510080824315], [9.306054781033021, 42.31224361209541], [9.293986593876639, 42.30090525761359], [9.280297153472015, 42.29545908241778], [9.274476986548425, 42.30222259487542]]]}, "properties": {"code": "2B005", "nom": "Alando"}}, {"type": "Feature", "geometry": {"type": "Polygon", "coordinates": [[[9.372858603549899, 42.347144584376224], [9.344162249544029, 42.33922334534562], [9.340236164224903, 42.34168495625879], [9.339308935721668, 42.34210097738609], [9.347588841261029, 42.355781147779005], [9.356842718609801, 42.36217101964627], [9.36484595858847, 42.371349394214256], [9.37500344781477, 42.36959525634008], [9.378851226355918, 42.3652974603643], [9.372858603549899, 42.347144584376224]]]}, "properties": {"code": "2B063", "nom": "Carcheto-Brustico"}}, {"type": "Feature", "geometry": {"type": "Polygon", "coordinates": [[[8.924268745785712, 42.63803484920838], [8.923397732037657, 42.626119239375065], [8.914888446989451, 42.608460830642706], [8.918889338071928, 42.602315767617064], [8.903173484271354, 42.60101381491894], [8.881399821852277, 42.60738208189423], [8.875233186941609, 42.61508723553634], [8.881525062673914, 42.62934097246199], [8.902416916945402, 42.62713736501694], [8.924268745785712, 42.63803484920838]]]}, "properties": {"code": "2B093", "nom": "Corbara"}}, {"type": "Feature", "geometry": {"type": "Polygon", "coordinates": [[[9.543385579974352, 42.427949139341074], [9.523407615667576, 42.43133215585023], [9.480630108630121, 42.42129382577908], [9.461946597287039, 42.43032226711215], [9.462210040779569, 42.44611635892556], [9.495262063144375, 42.44383276962223], [9.506326965694038, 42.44029741938015], [9.540875056271668, 42.441614935280924], [9.543385579974352, 42.427949139341074]]]}, "properties": {"code": "2B318", "nom": "Taglio-Isolaccio"}}, {"type": "Feature", "geometry": {"type": "Polygon", "coordinates": [[[8.953286849859747, 41.74305774865663], [8.941658214029703, 41.73840974455367], [8.921161407585277, 41.73955609059169], [8.926138986871782, 41.74757138291218], [8.900482906798137, 41.76246932172785], [8.87570353998602, 41.768412784015105], [8.916497202767056, 41.78036863837533], [8.937325725511263, 41.775322999110514], [8.958768793187117, 41.754114801111356], [8.953286849859747, 41.74305774865663]]]}, "properties": {"code": "2A071", "nom": "Casalabriva"}}, {"type": "Feature", "geometry": {"type": "Polygon", "coordinates": [[[9.32682335026325, 42.41697490580131], [9.310911070900755, 42.4246834286607], [9.287296786475444, 42.426695202736], [9.267938596681491, 42.43752207058421], [9.229793780082653, 42.444875224250474], [9.21946674774627, 42.44404575437327], [9.201513500729977, 42.44499454848053], [9.19832608658688, 42.45728053671077], [9.17647597421064, 42.45929931445594], [9.188720474116032, 42.469236576313925], [9.192359843503308, 42.48310005856004], [9.21020613105902, 42.47165498535864], [9.253545727010346, 42.4503797995251], [9.277025320277257, 42.44515585732347], [9.295897755571456, 42.444374337325954], [9.30813424201545, 42.44809512561815], [9.325430143913827, 42.446238589816616], [9.32755747617928, 42.44384864442805], [9.326398962939924, 42.435071244994155], [9.32682335026325, 42.41697490580131]]]}, "properties": {"code": "2B169", "nom": "Morosaglia"}}, {"type": "Feature", "geometry": {"type": "Polygon", "coordinates": [[[9.147312596022337, 42.422426270288184], [9.155859036205765, 42.42534900957058], [9.163958790455203, 42.441667917343345], [9.202770585485254, 42.427384212898744], [9.198684089636505, 42.4212208421045], [9.179066074337367, 42.41223733702004], [9.164904709382922, 42.39415302963693], [9.151773846127615, 42.395472629693444], [9.147312596022337, 42.422426270288184]]]}, "properties": {"code": "2B248", "nom": "Prato-di-Giovellina"}}, {"type": "Feature", "geometry": {"type": "Polygon", "coordinates": [[[8.790250819984184, 42.05509789050727], [8.757276731756404, 42.05550156793515], [8.743930723965175, 42.05945236314198], [8.732850182023231, 42.064954282764056], [8.719858223120928, 42.063513495459055], [8.717194837404085, 42.07738680941457], [8.732092851103474, 42.076148306885294], [8.737148549626468, 42.083585990016225], [8.772354646679455, 42.08149556048812], [8.786980661388448, 42.07834966812699], [8.797107659328645, 42.070613261191724], [8.79348216291227, 42.05599303142763], [8.790250819984184, 42.05509789050727]]]}, "properties": {"code": "2A070", "nom": "Casaglione"}}, {"type": "Feature", "geometry": {"type": "Polygon", "coordinates": [[[8.698515306180862, 42.22833833639776], [8.6727098525935, 42.21035945295086], [8.664713493816958, 42.21205932469955], [8.639124957797701, 42.19257340402385], [8.620707430531509, 42.184335200555665], [8.6035890811202, 42.19597133020907], [8.5823768817164, 42.18327086055728], [8.578216021601701, 42.188552849158576], [8.581385985210854, 42.20594433664427], [8.570066204734532, 42.21978385300321], [8.573610281927067, 42.227389450354586], [8.56099542798187, 42.23688048012684], [8.589810776979235, 42.244474508894726], [8.615721768949843, 42.253944800849766], [8.626741473631714, 42.2517527679774], [8.64184150091437, 42.25642447400695], [8.688916857419743, 42.263453002076844], [8.688004323628785, 42.247067058394805], [8.701141664504997, 42.242370321313985], [8.698515306180862, 42.22833833639776]]]}, "properties": {"code": "2A212", "nom": "Piana"}}, {"type": "Feature", "geometry": {"type": "Polygon", "coordinates": [[[8.919000774014767, 41.68071127255374], [8.918907220992782, 41.65519309724564], [8.919473061122975, 41.63913968301907], [8.914044578165754, 41.63371772688955], [8.896207306978415, 41.63817849333678], [8.886649603400794, 41.6265840491782], [8.86846984536309, 41.6198477372151], [8.858710504493105, 41.62345428861361], [8.869502509562649, 41.64609463570318], [8.877266064638947, 41.652450901524396], [8.880911938109922, 41.66809704399582], [8.896610009856703, 41.6767639570459], [8.915782780480423, 41.68156786818509], [8.919000774014767, 41.68071127255374]]]}, "properties": {"code": "2A249", "nom": "Propriano"}}, {"type": "Feature", "geometry": {"type": "Polygon", "coordinates": [[[8.993807833049562, 42.32421632491971], [9.010995792123676, 42.32345973931244], [9.028320540938799, 42.30198189055567], [9.038769368957059, 42.295691373514124], [9.036665532081084, 42.28271423588242], [9.022913312689068, 42.27729432458279], [8.991488019059497, 42.24276895355423], [8.972365640185211, 42.241756478803765], [8.95766997427334, 42.25348811616459], [8.926624311147608, 42.25419059779352], [8.947911926696158, 42.26371515584183], [8.970242210535348, 42.264948544240816], [8.98544596567752, 42.28073000141667], [8.975763500264916, 42.29217242195592], [8.979077528437754, 42.31735816908893], [8.993807833049562, 42.32421632491971]]]}, "properties": {"code": "2B073", "nom": "Casamaccioli"}}, {"type": "Feature", "geometry": {"type": "Polygon", "coordinates": [[[8.884607459445865, 42.575967906885076], [8.877077565493734, 42.56045394314751], [8.850068590869121, 42.56495920527621], [8.842591484615458, 42.574185404121515], [8.853096368052306, 42.59072835445083], [8.863119094279304, 42.58248823747683], [8.884607459445865, 42.575967906885076]]]}, "properties": {"code": "2B138", "nom": "Lavatoggio"}}, {"type": "Feature", "geometry": {"type": "Polygon", "coordinates": [[[9.306240644995869, 42.50268378539402], [9.298598507196015, 42.49511914706907], [9.284720298367919, 42.50010543096598], [9.280417326869882, 42.50937260838864], [9.266985777191781, 42.51969110897227], [9.236392741346783, 42.51961996506845], [9.221781947076074, 42.52800393424071], [9.228745792291983, 42.54913114654012], [9.234853647155761, 42.5548069096447], [9.259945145565633, 42.55515776161316], [9.263871432199313, 42.55140100480624], [9.289590548489407, 42.54920985356297], [9.288089454100605, 42.53264631935215], [9.29415780460462, 42.5168038819467], [9.306240644995869, 42.50268378539402]]]}, "properties": {"code": "2B140", "nom": "Lento"}}, {"type": "Feature", "geometry": {"type": "Polygon", "coordinates": [[[8.801011458287304, 42.4976196641834], [8.79965468411668, 42.51178181080258], [8.815983268165448, 42.508512018446766], [8.83348998336092, 42.51849774940227], [8.843113356111887, 42.51068706890662], [8.827955505482183, 42.49506712380895], [8.810510988053801, 42.48611431641095], [8.801011458287304, 42.4976196641834]]]}, "properties": {"code": "2B165", "nom": "Moncale"}}, {"type": "Feature", "geometry": {"type": "Polygon", "coordinates": [[[9.367288350577308, 42.39599215065318], [9.364496347680147, 42.38789928189599], [9.350316469575091, 42.383120596707556], [9.353256382441142, 42.39147534850573], [9.326709675850505, 42.396160648393526], [9.325771140434751, 42.39861508735372], [9.339388626000941, 42.40212323213002], [9.367288350577308, 42.39599215065318]]]}, "properties": {"code": "2B176", "nom": "Nocario"}}, {"type": "Feature", "geometry": {"type": "Polygon", "coordinates": [[[9.366742347539894, 42.55537882976834], [9.364046864977452, 42.56398167520486], [9.35179225339644, 42.570872646248645], [9.34668706550239, 42.58202664411918], [9.363096066954661, 42.59213332395174], [9.397263125406713, 42.6046829056094], [9.416285190054763, 42.605226968003116], [9.41484666490278, 42.586525127583776], [9.395430367856672, 42.576335875165675], [9.381934102194064, 42.56008913958531], [9.37512875167554, 42.55598684018164], [9.366742347539894, 42.55537882976834]]]}, "properties": {"code": "2B265", "nom": "Rutali"}}, {"type": "Feature", "geometry": {"type": "Polygon", "coordinates": [[[8.788533988925867, 41.86828032565578], [8.798305067983241, 41.866914832377645], [8.809261055417489, 41.87500399556345], [8.823492444818841, 41.872300483025334], [8.843823953917415, 41.873760977737874], [8.855295742183436, 41.869134176221316], [8.859685973926005, 41.887707899410145], [8.894995478581437, 41.883245078013864], [8.901239248845153, 41.877103560456185], [8.932394391357882, 41.87742750277109], [8.960004273627439, 41.86176305646017], [8.960479055349687, 41.85525903564493], [8.95785174474609, 41.84691254450285], [8.939694602609638, 41.84463123524347], [8.929878967772854, 41.85256165234934], [8.91721080124991, 41.85383200492658], [8.912552489594631, 41.84439166825094], [8.904452328294967, 41.85420505998683], [8.87746851471096, 41.83704433612271], [8.875042637426374, 41.82605974039707], [8.860380634739, 41.82260667253805], [8.846515110060013, 41.847430312061626], [8.821949683472155, 41.85839703843968], [8.80111818336931, 41.85252865281709], [8.789592401559315, 41.85305415530686], [8.788533988925867, 41.86828032565578]]]}, "properties": {"code": "2A008", "nom": "Albitreccia"}}, {"type": "Feature", "geometry": {"type": "Polygon", "coordinates": [[[9.163836250490274, 41.65564012223284], [9.137898164978779, 41.660153607408255], [9.130573083957097, 41.67760184599227], [9.161374943696181, 41.69459247147807], [9.16479226598249, 41.700617118419764], [9.189330821164447, 41.683338101980496], [9.19328270139486, 41.67415071434488], [9.163836250490274, 41.65564012223284]]]}, "properties": {"code": "2A061", "nom": "Carbini"}}, {"type": "Feature", "geometry": {"type": "Polygon", "coordinates": [[[9.124748361313095, 41.73778415333385], [9.09841359545489, 41.73050358402855], [9.094503124674405, 41.735725355506474], [9.114068380069822, 41.76670193244148], [9.123818097750489, 41.7743784648391], [9.12949176585721, 41.743850109749495], [9.124748361313095, 41.73778415333385]]]}, "properties": {"code": "2A285", "nom": "Sorbollano"}}, {"type": "Feature", "geometry": {"type": "Polygon", "coordinates": [[[9.555157777309898, 42.25213246623729], [9.55321909487331, 42.24143077714765], [9.53773228592386, 42.241638387657055], [9.519793863782986, 42.2480543409371], [9.497937631054413, 42.262290929564735], [9.478078605753137, 42.27053027786699], [9.443996133168978, 42.26984687598178], [9.45742974597082, 42.28442252394732], [9.490800136881061, 42.28035732926924], [9.515116431358408, 42.2710213290076], [9.528097906264506, 42.26592167943708], [9.544019349322607, 42.25130541230767], [9.555157777309898, 42.25213246623729]]]}, "properties": {"code": "2B057", "nom": "Canale-di-Verde"}}, {"type": "Feature", "geometry": {"type": "Polygon", "coordinates": [[[9.337935426548984, 42.80393388363987], [9.358651815210607, 42.80706202788961], [9.36852498196133, 42.7949909226439], [9.381223574235959, 42.789606376533406], [9.367401299274054, 42.779839272013206], [9.353882650434212, 42.77705286901034], [9.339857492930777, 42.760646638850055], [9.342560255911149, 42.794801298609066], [9.337935426548984, 42.80393388363987]]]}, "properties": {"code": "2B178", "nom": "Nonza"}}, {"type": "Feature", "geometry": {"type": "Polygon", "coordinates": [[[9.126600674183914, 42.56123731356435], [9.13381818264853, 42.569893394288414], [9.157462267253639, 42.5597521620857], [9.17218435045169, 42.5614751656328], [9.212276573557448, 42.579057374210315], [9.219514465435086, 42.56033823031929], [9.228745792291983, 42.54913114654012], [9.221781947076074, 42.52800393424071], [9.221406586119539, 42.517177878596414], [9.20580145082841, 42.51680772736808], [9.192761190401745, 42.50638546978578], [9.17569767382832, 42.50927548016204], [9.156927671563885, 42.528521222119515], [9.131387732467532, 42.54974949367372], [9.126600674183914, 42.56123731356435]]]}, "properties": {"code": "2B223", "nom": "Pietralba"}}, {"type": "Feature", "geometry": {"type": "Polygon", "coordinates": [[[9.409640749672775, 42.25412919275208], [9.416636301931698, 42.26070316650607], [9.44391610523926, 42.26967139496623], [9.460142330282594, 42.24355368837929], [9.47536739387086, 42.23045191708001], [9.472805126979054, 42.22121271629699], [9.463349777796102, 42.228308895417456], [9.45114432021573, 42.221478281609684], [9.410912403111848, 42.24922842911301], [9.409640749672775, 42.25412919275208]]]}, "properties": {"code": "2B328", "nom": "Tox"}}, {"type": "Feature", "geometry": {"type": "Polygon", "coordinates": [[[9.408283050473976, 42.46335720890169], [9.396953269986655, 42.45478594681427], [9.391531691613885, 42.4494302056933], [9.38608304609269, 42.4509387970087], [9.372230220133792, 42.47875211788852], [9.370317977520157, 42.48455720580527], [9.380544631680738, 42.502856777797604], [9.383742269751881, 42.499779129491856], [9.399000521613633, 42.48677804076698], [9.428325343057669, 42.50209333034064], [9.438925498942508, 42.51662331403438], [9.453491229347195, 42.52506789437781], [9.448119618320469, 42.52016189059652], [9.45008578197775, 42.505922887608584], [9.417960409769062, 42.4919769424208], [9.411393399433475, 42.48617215365597], [9.40478367756018, 42.46864987023753], [9.408283050473976, 42.46335720890169]]]}, "properties": {"code": "2B166", "nom": "Monte"}}, {"type": "Feature", "geometry": {"type": "Polygon", "coordinates": [[[8.788208220698444, 41.969473481418014], [8.789771333006506, 41.98008074125578], [8.77816533811288, 42.00105725481212], [8.789407485553832, 42.00741464504318], [8.807517537222784, 42.00928581420777], [8.816621146766087, 41.98470458251646], [8.804603273563698, 41.96705128781538], [8.804609785089365, 41.958799262724916], [8.784625924023654, 41.95256319721317], [8.784316125350815, 41.955426730254715], [8.788208220698444, 41.969473481418014]]]}, "properties": {"code": "2A001", "nom": "Afa"}}, {"type": "Feature", "geometry": {"type": "Polygon", "coordinates": [[[9.23503685318898, 41.50690676142984], [9.243922552156961, 41.48571567091855], [9.259913082538038, 41.4913818733605], [9.269893136224928, 41.48471440805278], [9.287259445158057, 41.48379094520469], [9.268257776237883, 41.4718600769972], [9.256106433634463, 41.45544645978787], [9.242940512823811, 41.44670685024684], [9.223954643701347, 41.44249242165367], [9.226384203660677, 41.41695973685865], [9.2409015801339, 41.41859892328983], [9.258149596512407, 41.42830474448186], [9.259767865121612, 41.41393297873142], [9.250227373060847, 41.40845998228025], [9.217966967764484, 41.3682218728616], [9.198556727496866, 41.36556020664209], [9.179838307406971, 41.36705676887197], [9.167240749781808, 41.385592289043764], [9.148965906928566, 41.38520002286676], [9.123343747407722, 41.39749027875982], [9.09943212450813, 41.391962050269505], [9.09234239294258, 41.39866919573042], [9.095732525458484, 41.411181881439305], [9.108925095512308, 41.41994450025007], [9.104353270113341, 41.4255060819188], [9.12032347746124, 41.43592028795745], [9.097269216996475, 41.44376682791671], [9.095379942803975, 41.44960407836458], [9.088178778572079, 41.46001865354323], [9.099576872044954, 41.473647227258915], [9.12257002829199, 41.47471971942459], [9.138041996116643, 41.46651980539913], [9.140228831877568, 41.456539397648505], [9.164598329617682, 41.46663564860102], [9.19131278819672, 41.495195685556126], [9.227687837209006, 41.50960439097141], [9.23503685318898, 41.50690676142984]]]}, "properties": {"code": "2A041", "nom": "Bonifacio"}}, {"type": "Feature", "geometry": {"type": "Polygon", "coordinates": [[[9.003014811893394, 42.11277348928845], [9.008236635265567, 42.10195166820935], [9.002701728161458, 42.094687129348785], [9.006739974074234, 42.07964327225995], [9.026396355067297, 42.07975991006595], [9.042208629629636, 42.05968147164186], [9.078641842203446, 42.04774379923946], [9.092897247134744, 42.04990614950177], [9.103405614475927, 42.04462294828505], [9.080488661202656, 42.043393144816996], [9.071020798315498, 42.03577286335542], [9.054672054423984, 42.03935080416941], [9.036330792231931, 42.033731398767216], [9.02072864022166, 42.04147852501001], [9.013188679544, 42.054973636888874], [8.971672430704144, 42.07910007025294], [8.96712825651114, 42.08996331957479], [8.956346352401514, 42.09273795106174], [8.955751375385212, 42.10094444527306], [8.972677748168115, 42.10271190019217], [8.982598827787708, 42.1118387405323], [9.003014811893394, 42.11277348928845]]]}, "properties": {"code": "2A324", "nom": "Tavera"}}, {"type": "Feature", "geometry": {"type": "Polygon", "coordinates": [[[8.972056433781658, 41.65160964938903], [8.948499254165576, 41.64734394640045], [8.918907220992782, 41.65519309724564], [8.919000774014767, 41.68071127255374], [8.948864994774866, 41.69572391151835], [8.951746910130858, 41.68747281898229], [8.96948611337657, 41.68026148429561], [8.964723622984769, 41.656412250797786], [8.972056433781658, 41.65160964938903]]]}, "properties": {"code": "2A349", "nom": "Viggianello"}}, {"type": "Feature", "geometry": {"type": "Polygon", "coordinates": [[[9.35704574003108, 42.2622265504736], [9.368143980028897, 42.25361747731514], [9.360162745544251, 42.24489091319973], [9.350207955067026, 42.25055451416605], [9.35704574003108, 42.2622265504736]]]}, "properties": {"code": "2B015", "nom": "Ampriani"}}, {"type": "Feature", "geometry": {"type": "Polygon", "coordinates": [[[8.924268745785712, 42.63803484920838], [8.948378167670645, 42.63353845701945], [8.935264897369352, 42.622051956843976], [8.923397732037657, 42.626119239375065], [8.924268745785712, 42.63803484920838]]]}, "properties": {"code": "2B134", "nom": "Île-Rousse"}}, {"type": "Feature", "geometry": {"type": "Polygon", "coordinates": [[[9.017582182694975, 42.64256193210681], [9.027517920201797, 42.652055119137984], [9.046004662386245, 42.65504041689589], [9.061821349825943, 42.66509048310729], [9.053801584912287, 42.67995503339286], [9.062211964109537, 42.69392398878892], [9.066976860907449, 42.684703606849496], [9.084743647194857, 42.67688922108544], [9.093615032246063, 42.6592680704953], [9.106990777144848, 42.65563625356709], [9.096345491749517, 42.64591964811348], [9.089116780169292, 42.63952415182889], [9.084889200568037, 42.6189536218387], [9.075318620711107, 42.61007624986309], [9.07041227823657, 42.58362986699817], [9.074554943785323, 42.57901188054185], [9.056093210725281, 42.58004392867117], [9.041384576955165, 42.57503564613221], [9.030123468907025, 42.58692536816463], [9.026117293206001, 42.60268697130788], [9.016204978488705, 42.61117182753812], [9.02379868992589, 42.62852399010476], [9.017582182694975, 42.64256193210681]]]}, "properties": {"code": "2B199", "nom": "Palasca"}}, {"type": "Feature", "geometry": {"type": "Polygon", "coordinates": [[[9.429941771045044, 42.35496732417966], [9.40194523489862, 42.37308839164076], [9.426485227934846, 42.372734261497605], [9.43260814328045, 42.364058226944984], [9.429941771045044, 42.35496732417966]]]}, "properties": {"code": "2B202", "nom": "Parata"}}, {"type": "Feature", "geometry": {"type": "Polygon", "coordinates": [[[8.91891210696623, 42.49798365541715], [8.857918340185462, 42.523440380613344], [8.869619164917347, 42.525032027809445], [8.907250744675007, 42.53824139771865], [8.917935768283687, 42.526659503859655], [8.932348167445076, 42.51965582730873], [8.939586594573441, 42.51594406621396], [8.91891210696623, 42.49798365541715]]]}, "properties": {"code": "2B361", "nom": "Zilia"}}, {"type": "Feature", "geometry": {"type": "Polygon", "coordinates": [[[9.003014811893394, 42.11277348928845], [9.007013189149056, 42.116836193078214], [9.037056119563989, 42.1267253977188], [9.056414740758267, 42.12391638195049], [9.072032239969552, 42.130006288089604], [9.093329005117925, 42.11520086459551], [9.103727319424097, 42.1164853407183], [9.123403164538574, 42.10551607054204], [9.133687161065644, 42.090545406997265], [9.12837151523524, 42.06570898085606], [9.133566039956618, 42.05939668142318], [9.112048119812767, 42.05145934957604], [9.103405614475927, 42.04462294828505], [9.092897247134744, 42.04990614950177], [9.078641842203446, 42.04774379923946], [9.042208629629636, 42.05968147164186], [9.026396355067297, 42.07975991006595], [9.006739974074234, 42.07964327225995], [9.002701728161458, 42.094687129348785], [9.008236635265567, 42.10195166820935], [9.003014811893394, 42.11277348928845]]]}, "properties": {"code": "2A040", "nom": "Bocognano"}}, {"type": "Feature", "geometry": {"type": "Polygon", "coordinates": [[[9.284720298367919, 42.50010543096598], [9.298598507196015, 42.49511914706907], [9.297768492790834, 42.48404925847881], [9.317852870662296, 42.47027019561155], [9.331247315154535, 42.455189896059814], [9.325430143913827, 42.446238589816616], [9.30813424201545, 42.44809512561815], [9.290714676209923, 42.46812634354201], [9.26181777171887, 42.47555641648645], [9.284720298367919, 42.50010543096598]]]}, "properties": {"code": "2B079", "nom": "Castello-di-Rostino"}}, {"type": "Feature", "geometry": {"type": "Polygon", "coordinates": [[[9.17963418437933, 42.49452434218996], [9.192359843503308, 42.48310005856004], [9.188720474116032, 42.469236576313925], [9.17647597421064, 42.45929931445594], [9.165425388889478, 42.46361877009135], [9.149890634395852, 42.45198501185019], [9.123175364737406, 42.44846767682026], [9.119684792163286, 42.442113979264775], [9.101587884401141, 42.43993474110596], [9.107061546600287, 42.43012724590519], [9.078511987536304, 42.427561265241174], [9.082075441084616, 42.46947808784594], [9.076510311825665, 42.48023611756064], [9.056961477709258, 42.488562570445836], [9.061082279324394, 42.50430403326177], [9.078364789744132, 42.50726811708379], [9.08222603901297, 42.501178257439854], [9.116772091480465, 42.49609356610733], [9.151126370707239, 42.502982461162], [9.159020512910569, 42.51046094011929], [9.180404923922776, 42.498807689957474], [9.17963418437933, 42.49452434218996]]]}, "properties": {"code": "2B162", "nom": "Moltifao"}}, {"type": "Feature", "geometry": {"type": "Polygon", "coordinates": [[[9.360589006888933, 42.369891010376854], [9.36484595858847, 42.371349394214256], [9.356842718609801, 42.36217101964627], [9.347588841261029, 42.355781147779005], [9.339308935721668, 42.34210097738609], [9.331337076380771, 42.35984376736953], [9.360589006888933, 42.369891010376854]]]}, "properties": {"code": "2B221", "nom": "Piedipartino"}}, {"type": "Feature", "geometry": {"type": "Polygon", "coordinates": [[[9.151978876579363, 41.84418372679824], [9.11364354252888, 41.80289830080609], [9.101372111763872, 41.79310520767043], [9.095183471875224, 41.77562582595721], [9.082167624119792, 41.76447808916842], [9.072933652782778, 41.76150691958421], [9.051713418565289, 41.7644767319405], [9.034644992501393, 41.770762502558725], [9.037651244116471, 41.78214787948486], [9.049052252562147, 41.790276865667245], [9.060579619837648, 41.80405516593172], [9.076294764613797, 41.823122929550884], [9.087377446754992, 41.82278948152844], [9.108403307424147, 41.838789817123], [9.118414057895254, 41.85630085277404], [9.142616235517643, 41.86059669028106], [9.143147212894295, 41.84927602123639], [9.151978876579363, 41.84418372679824]]]}, "properties": {"code": "2A024", "nom": "Aullène"}}, {"type": "Feature", "geometry": {"type": "Polygon", "coordinates": [[[8.94365615886897, 41.983065968616074], [8.949463711519854, 41.972256181961846], [8.946905886868658, 41.9590795305749], [8.952263846209664, 41.95119159857822], [8.94450982050348, 41.93895227370321], [8.929800251811981, 41.934157889781545], [8.917057260945775, 41.9324585883751], [8.903682201699498, 41.937558842608944], [8.889831447258999, 41.92936882548009], [8.876645339732272, 41.931662319343104], [8.86369265477996, 41.92625687902264], [8.853780166561709, 41.938662268596545], [8.87203207547727, 41.95386433360017], [8.893064882769501, 41.95630064817048], [8.903540174805874, 41.96669319272449], [8.939021849446501, 41.976875687899216], [8.94365615886897, 41.983065968616074]]]}, "properties": {"code": "2A181", "nom": "Ocana"}}, {"type": "Feature", "geometry": {"type": "Polygon", "coordinates": [[[9.37800529057769, 42.27311353737677], [9.37169786769815, 42.277513904064556], [9.37912739199539, 42.299555105790716], [9.395775186604354, 42.29762444212839], [9.40115826087292, 42.289211698572366], [9.397048917762158, 42.26607002319607], [9.37800529057769, 42.27311353737677]]]}, "properties": {"code": "2B155", "nom": "Matra"}}, {"type": "Feature", "geometry": {"type": "Polygon", "coordinates": [[[9.36487270344764, 42.45598838113246], [9.357678654299676, 42.45154872498665], [9.32755747617928, 42.44384864442805], [9.325430143913827, 42.446238589816616], [9.331247315154535, 42.455189896059814], [9.33304449340118, 42.46591342859397], [9.346150082836175, 42.4629999475164], [9.364692880422764, 42.46963465740461], [9.36487270344764, 42.45598838113246]]]}, "properties": {"code": "2B195", "nom": "Ortiporio"}}, {"type": "Feature", "geometry": {"type": "Polygon", "coordinates": [[[9.420988529656267, 42.938113785530156], [9.433268248582571, 42.95158892993504], [9.455223647393835, 42.956477747960776], [9.469239446285252, 42.9364678522327], [9.427937224778958, 42.93588389066477], [9.420988529656267, 42.938113785530156]]]}, "properties": {"code": "2B327", "nom": "Tomino"}}, {"type": "Feature", "geometry": {"type": "Polygon", "coordinates": [[[9.133687161065644, 42.090545406997265], [9.123403164538574, 42.10551607054204], [9.103727319424097, 42.1164853407183], [9.093329005117925, 42.11520086459551], [9.072032239969552, 42.130006288089604], [9.076538177394616, 42.13692166836476], [9.064131426559902, 42.166950715680095], [9.048122523682633, 42.175706872488696], [9.048985929331788, 42.19299804132314], [9.079260703869524, 42.191581112053655], [9.12340575036457, 42.18255878142997], [9.153059554499327, 42.19466778746942], [9.16821203838731, 42.193173962466766], [9.1795807518106, 42.17189693216682], [9.172686868675708, 42.146934690951134], [9.180083943817552, 42.140581385507076], [9.14831615891927, 42.10082696004738], [9.133687161065644, 42.090545406997265]]]}, "properties": {"code": "2B354", "nom": "Vivario"}}, {"type": "Feature", "geometry": {"type": "Polygon", "coordinates": [[[8.82671757303123, 42.08295302797594], [8.79888010803901, 42.08336513320087], [8.779530464013886, 42.09456169448125], [8.774217298944727, 42.101912918845514], [8.797327056058684, 42.11049344235879], [8.809576084849546, 42.11164576149469], [8.825503425781188, 42.093633466774534], [8.82671757303123, 42.08295302797594]]]}, "properties": {"code": "2A022", "nom": "Arro"}}, {"type": "Feature", "geometry": {"type": "Polygon", "coordinates": [[[8.756967100636894, 42.091320616534006], [8.737148549626468, 42.083585990016225], [8.732092851103474, 42.076148306885294], [8.717194837404085, 42.07738680941457], [8.704752014777183, 42.08809419394021], [8.71025694439948, 42.09582422568561], [8.701200979111704, 42.11118621600544], [8.705062812222131, 42.12925772959957], [8.715612409335092, 42.14188758561506], [8.743126562218487, 42.14161549225839], [8.767709306531092, 42.13454933914455], [8.778128697429299, 42.11424087056444], [8.761184400504067, 42.10107799855134], [8.756967100636894, 42.091320616534006]]]}, "properties": {"code": "2A090", "nom": "Coggia"}}, {"type": "Feature", "geometry": {"type": "Polygon", "coordinates": [[[9.097585498992732, 41.978076184947824], [9.110072243751201, 41.97435380799073], [9.114886152167813, 41.96223459038446], [9.107224317536252, 41.92832887698707], [9.104787916566243, 41.91740490623679], [9.085601846710441, 41.93194772786876], [9.069355820931825, 41.936703651098256], [9.074652121520295, 41.94674297572413], [9.065559089383992, 41.963205474918055], [9.073513414161729, 41.962252656373444], [9.08536637834973, 41.97360416604449], [9.097585498992732, 41.978076184947824]]]}, "properties": {"code": "2A322", "nom": "Tasso"}}, {"type": "Feature", "geometry": {"type": "Polygon", "coordinates": [[[8.702705525813924, 42.18545082569767], [8.720774779361994, 42.17446708937497], [8.758679432820651, 42.16760255591955], [8.775922633344141, 42.1616633149122], [8.787441981279512, 42.17113519602016], [8.797206183001297, 42.1871987634133], [8.81738040877312, 42.19148176695964], [8.819987679145573, 42.17661508040826], [8.811522165446961, 42.15451742511868], [8.786921323416381, 42.15174656301579], [8.767709306531092, 42.13454933914455], [8.743126562218487, 42.14161549225839], [8.715612409335092, 42.14188758561506], [8.705062812222131, 42.12925772959957], [8.701200979111704, 42.11118621600544], [8.658338303250986, 42.10633293826876], [8.650968207360178, 42.116987447736115], [8.671232670868209, 42.13048030897886], [8.68748665836349, 42.16600157040719], [8.682072824371058, 42.17155805368672], [8.702705525813924, 42.18545082569767]]]}, "properties": {"code": "2A348", "nom": "Vico"}}, {"type": "Feature", "geometry": {"type": "Polygon", "coordinates": [[[9.364136487746816, 42.22373530230489], [9.34746695810413, 42.21766637780008], [9.338862568242282, 42.235437388261666], [9.338552474574623, 42.250728838818276], [9.350207955067026, 42.25055451416605], [9.360162745544251, 42.24489091319973], [9.361101920707032, 42.23968639491203], [9.381679047084004, 42.23399592794337], [9.364136487746816, 42.22373530230489]]]}, "properties": {"code": "2B226", "nom": "Pietraserena"}}, {"type": "Feature", "geometry": {"type": "Polygon", "coordinates": [[[9.311625093665532, 42.61806428483543], [9.323239707247927, 42.616952607387056], [9.334827027169858, 42.608301159282924], [9.349794684088968, 42.60392069535254], [9.363096066954661, 42.59213332395174], [9.34668706550239, 42.58202664411918], [9.327791705717816, 42.595812395699376], [9.315598211525137, 42.59931303155223], [9.32132357569925, 42.60740666202866], [9.311625093665532, 42.61806428483543]]]}, "properties": {"code": "2B333", "nom": "Vallecalle"}}, {"type": "Feature", "geometry": {"type": "Polygon", "coordinates": [[[9.01020494440491, 41.63126818926546], [9.028584215144619, 41.63479939888226], [9.062796641942626, 41.638504826276424], [9.080258160419556, 41.6499797241988], [9.077157131344256, 41.629163319269274], [9.071280087915563, 41.621090647472734], [9.04578092811692, 41.609483906274306], [9.024806289104855, 41.59819759554222], [9.01323340854875, 41.60367938560263], [8.993322752258157, 41.602097914455946], [8.9974145521525, 41.6153555069618], [8.99202768533548, 41.62022915335521], [9.01020494440491, 41.63126818926546]]]}, "properties": {"code": "2A115", "nom": "Foce"}}, {"type": "Feature", "geometry": {"type": "Polygon", "coordinates": [[[8.916684086127406, 42.14478445338052], [8.911549998264814, 42.15775892268943], [8.920785915661737, 42.17126482731415], [8.942890442505831, 42.18165399701108], [8.970015401133105, 42.187174981256746], [8.98242623286705, 42.20915895623406], [9.00649217285645, 42.208708359140026], [9.024603276811161, 42.20363389421303], [9.045742524416326, 42.20772984755597], [9.048985929331788, 42.19299804132314], [9.048122523682633, 42.175706872488696], [9.013452915217062, 42.170461423552254], [8.9593195038176, 42.15134233406184], [8.952916263513332, 42.15113469493752], [8.939523788216436, 42.148876753224535], [8.916684086127406, 42.14478445338052]]]}, "properties": {"code": "2A131", "nom": "Guagno"}}, {"type": "Feature", "geometry": {"type": "Polygon", "coordinates": [[[8.955751375385212, 42.10094444527306], [8.947180684553421, 42.10365214954874], [8.930560489860818, 42.1257426013865], [8.928958852322193, 42.13720437533354], [8.939523788216436, 42.148876753224535], [8.952916263513332, 42.15113469493752], [8.963508034181727, 42.12464878921851], [8.982598827787708, 42.1118387405323], [8.972677748168115, 42.10271190019217], [8.955751375385212, 42.10094444527306]]]}, "properties": {"code": "2A259", "nom": "Rezza"}}, {"type": "Feature", "geometry": {"type": "Polygon", "coordinates": [[[8.919039837719003, 42.45951219719717], [8.913975272878623, 42.449418464641546], [8.9209674279004, 42.425836606508916], [8.91122044728073, 42.41019895400795], [8.880966101192374, 42.41341743489544], [8.868841453843464, 42.42034241381615], [8.847924574296172, 42.41615850805555], [8.838316952532917, 42.41897560411348], [8.834891612612399, 42.423165376275875], [8.803438129960238, 42.432033100369594], [8.800922051212872, 42.44675336857927], [8.791820676962793, 42.45547797728534], [8.772183456758148, 42.46195244998201], [8.760979924911314, 42.45968422858321], [8.740399824981354, 42.44591161754855], [8.72795482539764, 42.446631694788465], [8.719067346543444, 42.45671239863521], [8.685557920341855, 42.46261249640932], [8.679451771403478, 42.467282321865575], [8.67479692494207, 42.47624538852454], [8.652065800083287, 42.47396664418826], [8.651683156326227, 42.48044864877387], [8.66454750414487, 42.49299321027586], [8.665497159436656, 42.51362834780463], [8.683757781021606, 42.516461623486016], [8.696840811820111, 42.52558454397895], [8.717443529306733, 42.52891562101323], [8.726242676988727, 42.5338871834818], [8.742003206449773, 42.53341780329852], [8.758247020739297, 42.520012709014836], [8.76982255895596, 42.51588930089324], [8.78882911395752, 42.52226753638104], [8.815314126597965, 42.53698739352969], [8.835191164492485, 42.53330489046679], [8.857918340185462, 42.523440380613344], [8.91891210696623, 42.49798365541715], [8.921589617434275, 42.4918401478297], [8.923565972939189, 42.48299518731058], [8.916452379291675, 42.46737222355407], [8.919039837719003, 42.45951219719717]], [[8.801011458287304, 42.4976196641834], [8.810510988053801, 42.48611431641095], [8.827955505482183, 42.49506712380895], [8.843113356111887, 42.51068706890662], [8.83348998336092, 42.51849774940227], [8.815983268165448, 42.508512018446766], [8.79965468411668, 42.51178181080258], [8.801011458287304, 42.4976196641834]]]}, "properties": {"code": "2B049", "nom": "Calenzana"}}, {"type": "Feature", "geometry": {"type": "Polygon", "coordinates": [[[9.533107218163382, 42.52375001043486], [9.512883501788352, 42.53439665266528], [9.475841769616332, 42.535482243948756], [9.453491229347195, 42.52506789437781], [9.438925498942508, 42.51662331403438], [9.428377058238757, 42.514058690597565], [9.427005674968306, 42.519201270138296], [9.419399909149895, 42.53444257415737], [9.395719686006462, 42.550081101618964], [9.432417387688485, 42.549029794307536], [9.476276298544404, 42.553107923238414], [9.527541004527984, 42.56496300927877], [9.533193015205354, 42.545944023399095], [9.534349835602983, 42.52330394698691], [9.533107218163382, 42.52375001043486]]]}, "properties": {"code": "2B148", "nom": "Lucciana"}}, {"type": "Feature", "geometry": {"type": "Polygon", "coordinates": [[[8.819064782526727, 42.22163007247365], [8.848500484697322, 42.21968625041369], [8.84563877572616, 42.20364185671994], [8.838205260569513, 42.19630198994899], [8.81738040877312, 42.19148176695964], [8.797206183001297, 42.1871987634133], [8.793706730448097, 42.20707839316675], [8.79380866525934, 42.212767633543784], [8.819064782526727, 42.22163007247365]]]}, "properties": {"code": "2A258", "nom": "Renno"}}, {"type": "Feature", "geometry": {"type": "Polygon", "coordinates": [[[9.311423362972864, 42.24447605256544], [9.306069112428295, 42.217973539151565], [9.292997659030764, 42.2089688723572], [9.291795163630026, 42.199240873029886], [9.27868448845941, 42.19546594688632], [9.260767803479586, 42.19763482758514], [9.241941336434868, 42.21824413725788], [9.245191217809841, 42.22802313953278], [9.257762684362342, 42.22682211241764], [9.268678825624127, 42.22800729212017], [9.27904957955868, 42.240844354978954], [9.311423362972864, 42.24447605256544]]]}, "properties": {"code": "2B012", "nom": "Altiani"}}, {"type": "Feature", "geometry": {"type": "Polygon", "coordinates": [[[9.221084024655989, 42.02759696053908], [9.188360582340385, 42.031081695137516], [9.160210627380897, 42.026791562160106], [9.149595047298144, 42.04050432391428], [9.130916384150003, 42.05440439115911], [9.133566039956618, 42.05939668142318], [9.12837151523524, 42.06570898085606], [9.133687161065644, 42.090545406997265], [9.14831615891927, 42.10082696004738], [9.180083943817552, 42.140581385507076], [9.202775894736073, 42.149475946305806], [9.219581067193289, 42.16299366642148], [9.237003275857077, 42.145108308247565], [9.250792961779718, 42.14129794260336], [9.2644134591361, 42.12718806222426], [9.277374368183255, 42.12405850932582], [9.280882166965057, 42.10966220183816], [9.334795987754118, 42.10624100235913], [9.344521196806681, 42.10090764255075], [9.340947159580004, 42.0932612900561], [9.328157013736059, 42.09160229623984], [9.311255951046125, 42.09584167378428], [9.288019858395689, 42.09617697201522], [9.278409270264337, 42.09164363010774], [9.275543227909413, 42.07638442367271], [9.26055981483917, 42.072116667221536], [9.238304006183938, 42.075018096973324], [9.22971575217933, 42.05918345979396], [9.227781462708503, 42.044822562204565], [9.221084024655989, 42.02759696053908]]]}, "properties": {"code": "2B124", "nom": "Ghisoni"}}, {"type": "Feature", "geometry": {"type": "Polygon", "coordinates": [[[9.294576812862044, 41.94969982798407], [9.281814921645841, 41.9464135359088], [9.268500955116238, 41.94925988552907], [9.242681651106672, 41.935415585107826], [9.230642296100608, 41.93262148856424], [9.25334816768689, 41.95645367974302], [9.280860655846919, 41.979762645937925], [9.297321562273341, 41.985938555457466], [9.306731368712427, 41.992686635403466], [9.323555415991017, 41.995998067117505], [9.349397666015204, 41.99496155394259], [9.3737947721286, 41.999765678212334], [9.384819651845282, 41.984118929979246], [9.39971934167014, 41.975717542113976], [9.419494561738556, 41.97494975779125], [9.439854477337848, 41.98768189882741], [9.41378283019094, 41.95570089844187], [9.412961673224979, 41.938093179023035], [9.407672337624604, 41.94162328356449], [9.40819512957222, 41.96747865572548], [9.380528988272049, 41.96963201140001], [9.344323037528993, 41.96630673957359], [9.334564285939194, 41.96058358430703], [9.294576812862044, 41.94969982798407]]]}, "properties": {"code": "2B277", "nom": "Serra-di-Fiumorbo"}}, {"type": "Feature", "geometry": {"type": "Polygon", "coordinates": [[[9.209452450227666, 42.594570347990505], [9.165820229689128, 42.59066313226685], [9.139931213359043, 42.59594400734127], [9.134835288778351, 42.60758108435184], [9.101327536378554, 42.636004414148964], [9.096345491749517, 42.64591964811348], [9.106990777144848, 42.65563625356709], [9.119203611536046, 42.660473843648816], [9.13519594591271, 42.64436109214484], [9.154196813373348, 42.63795575330302], [9.172790414555504, 42.62728687056621], [9.175144035261152, 42.61747448394508], [9.202902862930566, 42.60452403443599], [9.209452450227666, 42.594570347990505]]]}, "properties": {"code": "2B332", "nom": "Urtaca"}}, {"type": "Feature", "geometry": {"type": "Polygon", "coordinates": [[[9.21020613105902, 42.47165498535864], [9.23451382598046, 42.46911584665804], [9.26181777171887, 42.47555641648645], [9.290714676209923, 42.46812634354201], [9.30813424201545, 42.44809512561815], [9.295897755571456, 42.444374337325954], [9.277025320277257, 42.44515585732347], [9.253545727010346, 42.4503797995251], [9.21020613105902, 42.47165498535864]]]}, "properties": {"code": "2B337", "nom": "Valle-di-Rostino"}}, {"type": "Feature", "geometry": {"type": "Polygon", "coordinates": [[[9.061082279324394, 42.50430403326177], [9.053173332516447, 42.49830755680685], [9.035949796029518, 42.49516500539289], [9.040258768886696, 42.5096567578219], [9.034490845334515, 42.51885964000649], [9.040165145068068, 42.533161790726744], [9.069858984737929, 42.53453993958121], [9.074521977530054, 42.538106125545376], [9.081757246228182, 42.520165854540814], [9.078364789744132, 42.50726811708379], [9.061082279324394, 42.50430403326177]]]}, "properties": {"code": "2B339", "nom": "Vallica"}}, {"type": "Feature", "geometry": {"type": "Polygon", "coordinates": [[[9.42029196718169, 42.38510251611114], [9.424255220542548, 42.391274860189824], [9.427809381862785, 42.397039012617334], [9.446430908897646, 42.4040368771962], [9.457685605522883, 42.40325459433738], [9.471784573742765, 42.41045988464286], [9.485812687043541, 42.40187590802369], [9.487882558633354, 42.38951118426456], [9.461434440014926, 42.38951710842443], [9.43802788993141, 42.3748401279013], [9.43260814328045, 42.364058226944984], [9.426485227934846, 42.372734261497605], [9.42029196718169, 42.38510251611114]]]}, "properties": {"code": "2B340", "nom": "Velone-Orneto"}}, {"type": "Feature", "geometry": {"type": "Polygon", "coordinates": [[[9.461946597287039, 42.43032226711215], [9.480630108630121, 42.42129382577908], [9.471784573742765, 42.41045988464286], [9.457685605522883, 42.40325459433738], [9.446430908897646, 42.4040368771962], [9.461946597287039, 42.43032226711215]]]}, "properties": {"code": "2B210", "nom": "Pero-Casevecchie"}}, {"type": "Feature", "geometry": {"type": "Polygon", "coordinates": [[[9.447906866176655, 42.436026451314895], [9.434962084836641, 42.44075153702046], [9.426927019932934, 42.449606591222675], [9.436081546532538, 42.4605070237416], [9.446607539452664, 42.458102106415446], [9.462210040779569, 42.44611635892556], [9.447906866176655, 42.436026451314895]]]}, "properties": {"code": "2B245", "nom": "Porri"}}, {"type": "Feature", "geometry": {"type": "Polygon", "coordinates": [[[9.438861140091435, 42.40767009501515], [9.431257269140522, 42.42624830395973], [9.447906866176655, 42.436026451314895], [9.462210040779569, 42.44611635892556], [9.461946597287039, 42.43032226711215], [9.446430908897646, 42.4040368771962], [9.438861140091435, 42.40767009501515]]]}, "properties": {"code": "2B252", "nom": "Pruno"}}, {"type": "Feature", "geometry": {"type": "Polygon", "coordinates": [[[9.543385579974352, 42.427949139341074], [9.538227954996945, 42.412013356893354], [9.51357823547757, 42.416132931482615], [9.485812687043541, 42.40187590802369], [9.471784573742765, 42.41045988464286], [9.480630108630121, 42.42129382577908], [9.523407615667576, 42.43133215585023], [9.543385579974352, 42.427949139341074]]]}, "properties": {"code": "2B319", "nom": "Talasani"}}, {"type": "Feature", "geometry": {"type": "Polygon", "coordinates": [[[8.94365615886897, 41.983065968616074], [8.939021849446501, 41.976875687899216], [8.903540174805874, 41.96669319272449], [8.893064882769501, 41.95630064817048], [8.87203207547727, 41.95386433360017], [8.859554154945885, 41.9572691563901], [8.822208566675618, 41.959794271112436], [8.842641540099887, 41.98226870462499], [8.869796877554654, 41.99134002162607], [8.882994782423538, 42.00073697577233], [8.946707675540392, 41.98912000779952], [8.94365615886897, 41.983065968616074]]]}, "properties": {"code": "2A103", "nom": "Cuttoli-Corticchiato"}}, {"type": "Feature", "geometry": {"type": "Polygon", "coordinates": [[[8.788533988925867, 41.86828032565578], [8.779265166063484, 41.88361463279185], [8.802495279594497, 41.89037396990991], [8.79766640735459, 41.905366953897406], [8.802319503920499, 41.90767838390276], [8.81916654740057, 41.90720100259471], [8.829935897997178, 41.904165348296274], [8.833602580830823, 41.89212625477478], [8.841901118199724, 41.886334325540126], [8.867499813811104, 41.89317385311168], [8.889594820036802, 41.88661861860163], [8.926638995049947, 41.89713764339616], [8.933006733665803, 41.88913128926598], [8.944697214623792, 41.89350897156662], [8.95209764252442, 41.90374021919429], [8.959351643830011, 41.89677213661331], [8.95444549087119, 41.893805970775524], [8.974367278059864, 41.86970665591106], [8.975378436863226, 41.86030723973941], [8.960479055349687, 41.85525903564493], [8.960004273627439, 41.86176305646017], [8.932394391357882, 41.87742750277109], [8.901239248845153, 41.877103560456185], [8.894995478581437, 41.883245078013864], [8.859685973926005, 41.887707899410145], [8.855295742183436, 41.869134176221316], [8.843823953917415, 41.873760977737874], [8.823492444818841, 41.872300483025334], [8.809261055417489, 41.87500399556345], [8.798305067983241, 41.866914832377645], [8.788533988925867, 41.86828032565578]]]}, "properties": {"code": "2A130", "nom": "Grosseto-Prugna"}}, {"type": "Feature", "geometry": {"type": "Polygon", "coordinates": [[[9.416430813489693, 42.795628816733895], [9.469403045646288, 42.80146064347568], [9.4914579279192, 42.7975263354806], [9.47207892681302, 42.7705337050651], [9.468416044129457, 42.75282903357619], [9.450440426053023, 42.75388805919561], [9.42102310891928, 42.76572668073134], [9.414991491112369, 42.772638193374846], [9.418387471023742, 42.78851070722245], [9.416430813489693, 42.795628816733895]]]}, "properties": {"code": "2B043", "nom": "Brando"}}, {"type": "Feature", "geometry": {"type": "Polygon", "coordinates": [[[9.367288350577308, 42.39599215065318], [9.38528895458796, 42.3990605667453], [9.364496347680147, 42.38789928189599], [9.367288350577308, 42.39599215065318]]]}, "properties": {"code": "2B344", "nom": "Verdèse"}}, {"type": "Feature", "geometry": {"type": "Polygon", "coordinates": [[[8.914044578165754, 41.63371772688955], [8.919473061122975, 41.63913968301907], [8.918907220992782, 41.65519309724564], [8.948499254165576, 41.64734394640045], [8.972056433781658, 41.65160964938903], [8.999540193769064, 41.66056387490257], [9.001174824342153, 41.65194116904213], [8.99738892315449, 41.64344792832646], [9.01020494440491, 41.63126818926546], [8.99202768533548, 41.62022915335521], [8.9974145521525, 41.6153555069618], [8.993322752258157, 41.602097914455946], [9.01323340854875, 41.60367938560263], [9.024806289104855, 41.59819759554222], [9.04578092811692, 41.609483906274306], [9.071134043932906, 41.58734176036374], [9.084020100983444, 41.58409181324439], [9.075764301760772, 41.57261838680251], [9.036699198379864, 41.56882964176362], [9.022739802768378, 41.561166177256325], [9.014335829612433, 41.54631152189645], [8.99657240022946, 41.53615270553381], [8.971234489582699, 41.50856619738514], [8.958474869065055, 41.506644725973565], [8.940487655060172, 41.49008879326534], [8.921974806573186, 41.49333335996221], [8.91474945736704, 41.50721159848068], [8.884614957295412, 41.50507147381323], [8.88826412282041, 41.51708292082157], [8.877812471356815, 41.523794319360206], [8.851443673952614, 41.517993632609546], [8.843090292674345, 41.52615768796998], [8.85255605508961, 41.53340601468221], [8.839699710816092, 41.54602923754972], [8.82073184232227, 41.545714667370824], [8.810355282659126, 41.55587899803638], [8.788534555522967, 41.55773547364315], [8.78549726557331, 41.56366070647361], [8.800517514632014, 41.57188309142369], [8.781873174006089, 41.587660330215634], [8.7907806139009, 41.59375147058218], [8.814283737787155, 41.587581213819114], [8.849147959437273, 41.58398319357687], [8.867828022992699, 41.58604285122158], [8.898111614993352, 41.596376572597954], [8.901110397991248, 41.60503321220068], [8.91444593193738, 41.610295061486575], [8.922751912991423, 41.62585147271434], [8.914044578165754, 41.63371772688955]], [[8.93883724254658, 41.5800954306301], [8.947607436893128, 41.571890265657736], [8.981702584150955, 41.582227220710536], [8.969745760198544, 41.598055534087095], [8.945991719676343, 41.59985372093635], [8.93883724254658, 41.5800954306301]]]}, "properties": {"code": "2A272", "nom": "Sartène"}}, {"type": "Feature", "geometry": {"type": "Polygon", "coordinates": [[[8.988609842988739, 41.72800159649825], [9.007427949010456, 41.739584454442905], [9.018470077232756, 41.7523391537224], [9.026561202684949, 41.75182209243294], [9.035964503594963, 41.75013917433445], [9.018155312312382, 41.72282963769547], [9.025415367825467, 41.71856777037506], [9.020396485838756, 41.7091990573756], [9.014807834141916, 41.70401528899707], [8.985414304975984, 41.70253078651368], [8.988609842988739, 41.72800159649825]]]}, "properties": {"code": "2A310", "nom": "Santa-Maria-Figaniella"}}, {"type": "Feature", "geometry": {"type": "Polygon", "coordinates": [[[8.916452379291675, 42.46737222355407], [8.923565972939189, 42.48299518731058], [8.921589617434275, 42.4918401478297], [8.931985655232198, 42.49285715712278], [8.954540461251316, 42.50605825989911], [8.977060860089349, 42.50443631415339], [8.98623490482442, 42.51612323799171], [9.001558021433015, 42.517294073577425], [9.00604405457001, 42.528545074300034], [9.021258269574172, 42.51204426720144], [8.996625333114006, 42.497476713533594], [8.943864350553412, 42.47172261997894], [8.916452379291675, 42.46737222355407]]]}, "properties": {"code": "2B156", "nom": "Mausoléo"}}, {"type": "Feature", "geometry": {"type": "Polygon", "coordinates": [[[9.366742347539894, 42.55537882976834], [9.343628745854954, 42.55014632036066], [9.321310737365813, 42.54444703573676], [9.29439527181283, 42.55191124472798], [9.293727765783014, 42.56300723146144], [9.301755832175937, 42.574175886044415], [9.311618516712377, 42.582705887224165], [9.315598211525137, 42.59931303155223], [9.327791705717816, 42.595812395699376], [9.34668706550239, 42.58202664411918], [9.35179225339644, 42.570872646248645], [9.364046864977452, 42.56398167520486], [9.366742347539894, 42.55537882976834]]]}, "properties": {"code": "2B172", "nom": "Murato"}}, {"type": "Feature", "geometry": {"type": "Polygon", "coordinates": [[[9.123746649007689, 42.238946386458075], [9.14981046680264, 42.23843869635161], [9.1786875295315, 42.24211466935753], [9.190989542950476, 42.23597950328047], [9.217160569303953, 42.23568330671651], [9.22899113411561, 42.240614257034174], [9.245191217809841, 42.22802313953278], [9.19905913506884, 42.22294187232489], [9.191492754659366, 42.21980081859567], [9.174393682835092, 42.19926794377841], [9.16821203838731, 42.193173962466766], [9.153059554499327, 42.19466778746942], [9.12340575036457, 42.18255878142997], [9.079260703869524, 42.191581112053655], [9.048985929331788, 42.19299804132314], [9.045742524416326, 42.20772984755597], [9.057540731850557, 42.21584401685869], [9.069362438920068, 42.20765090728911], [9.091928378333197, 42.21701921644902], [9.09849841602777, 42.2256189348963], [9.116090164535725, 42.22998232393251], [9.123746649007689, 42.238946386458075]]]}, "properties": {"code": "2B341", "nom": "Venaco"}}, {"type": "Feature", "geometry": {"type": "Polygon", "coordinates": [[[8.81916654740057, 41.90720100259471], [8.837543460791665, 41.91181593952944], [8.847912120802183, 41.903774056296506], [8.874852799173876, 41.916303422143045], [8.895429151072353, 41.92033584555587], [8.921024574451089, 41.91858752467319], [8.95065287704067, 41.92106510603901], [8.95209764252442, 41.90374021919429], [8.944697214623792, 41.89350897156662], [8.933006733665803, 41.88913128926598], [8.926638995049947, 41.89713764339616], [8.889594820036802, 41.88661861860163], [8.867499813811104, 41.89317385311168], [8.841901118199724, 41.886334325540126], [8.833602580830823, 41.89212625477478], [8.829935897997178, 41.904165348296274], [8.81916654740057, 41.90720100259471]]]}, "properties": {"code": "2A085", "nom": "Cauro"}}, {"type": "Feature", "geometry": {"type": "Polygon", "coordinates": [[[9.343554237429405, 42.14481334864929], [9.319787009444223, 42.1511026539335], [9.314922927190555, 42.158582153861715], [9.316644081036742, 42.180516585950784], [9.329363052508711, 42.17640379227553], [9.354954648804942, 42.194119575303915], [9.381739807765362, 42.17500118712775], [9.403645017733286, 42.18191061393252], [9.423738677826394, 42.163951361727065], [9.425837844123672, 42.15601626132167], [9.45196667896768, 42.14328358840284], [9.457894666214084, 42.13396928809917], [9.43807698289995, 42.12336594901337], [9.415945508915723, 42.1202112345161], [9.393310092745484, 42.12740490638955], [9.385289401714576, 42.13760749772937], [9.388460431450559, 42.14436700746091], [9.372205229681324, 42.15196381679184], [9.358063603722757, 42.14433967791782], [9.343554237429405, 42.14481334864929]]]}, "properties": {"code": "2B016", "nom": "Antisanti"}}, {"type": "Feature", "geometry": {"type": "Polygon", "coordinates": [[[9.398521338127164, 42.69321258256909], [9.404701631834195, 42.70502005531282], [9.418773341492612, 42.708451361694635], [9.438524377412884, 42.706044993117644], [9.45450939111401, 42.70812050750324], [9.447713622337302, 42.68964979224589], [9.449196243675715, 42.662236031630236], [9.408514535614827, 42.66839330648802], [9.393186314757983, 42.674616214306134], [9.398521338127164, 42.69321258256909]]]}, "properties": {"code": "2B033", "nom": "Bastia"}}, {"type": "Feature", "geometry": {"type": "Polygon", "coordinates": [[[8.94915121455301, 42.58735242511416], [8.951721523908788, 42.57227023020375], [8.943250790576121, 42.563727299247056], [8.945832737576595, 42.54140576261843], [8.965814503747605, 42.53086813909634], [8.963952491094101, 42.51945997504319], [8.939586594573441, 42.51594406621396], [8.932348167445076, 42.51965582730873], [8.93465986974637, 42.5306334828618], [8.923562369932455, 42.53717375248746], [8.931153111207028, 42.5525910627912], [8.91707956069605, 42.57153863827987], [8.918838945077985, 42.574569277917725], [8.924742679767105, 42.58116519451487], [8.94915121455301, 42.58735242511416]]]}, "properties": {"code": "2B112", "nom": "Feliceto"}}, {"type": "Feature", "geometry": {"type": "Polygon", "coordinates": [[[9.219254305859168, 42.16550973975856], [9.19415904990203, 42.18371908548375], [9.189984433102957, 42.19399565067715], [9.174393682835092, 42.19926794377841], [9.191492754659366, 42.21980081859567], [9.19905913506884, 42.22294187232489], [9.245191217809841, 42.22802313953278], [9.241941336434868, 42.21824413725788], [9.22648692185209, 42.2046305326104], [9.225527244350852, 42.19023680555479], [9.217088174554236, 42.179130996445174], [9.219254305859168, 42.16550973975856]]]}, "properties": {"code": "2B177", "nom": "Noceta"}}, {"type": "Feature", "geometry": {"type": "Polygon", "coordinates": [[[9.442239527223565, 42.47579129626878], [9.458839249845246, 42.47931649441359], [9.508124163365963, 42.49801210184723], [9.529584887655838, 42.4955795396026], [9.531421807478921, 42.483362013942866], [9.48267772027779, 42.47409002608694], [9.46456541798329, 42.47551083640282], [9.43564794315888, 42.46419490516553], [9.442239527223565, 42.47579129626878]]]}, "properties": {"code": "2B286", "nom": "Sorbo-Ocagnano"}}, {"type": "Feature", "geometry": {"type": "Polygon", "coordinates": [[[9.006900162524403, 41.8803629749763], [8.993604483371325, 41.87009912426523], [8.993624974000834, 41.86316330583635], [8.98939092935356, 41.85862021391589], [8.974367278059864, 41.86970665591106], [8.95444549087119, 41.893805970775524], [8.959351643830011, 41.89677213661331], [8.988008076742435, 41.90892451712758], [8.988365760938436, 41.90022823500386], [8.985099846566637, 41.89265664671898], [8.999552366052068, 41.881249730271705], [9.009179104676305, 41.88249446413247], [9.006900162524403, 41.8803629749763]]]}, "properties": {"code": "2A312", "nom": "Santa-Maria-Siché"}}, {"type": "Feature", "geometry": {"type": "Polygon", "coordinates": [[[9.467700617417448, 42.29988425861903], [9.49846495720285, 42.299619119528], [9.511973722096627, 42.28811376540521], [9.515116431358408, 42.2710213290076], [9.490800136881061, 42.28035732926924], [9.45742974597082, 42.28442252394732], [9.467700617417448, 42.29988425861903]]]}, "properties": {"code": "2B088", "nom": "Chiatra"}}, {"type": "Feature", "geometry": {"type": "Polygon", "coordinates": [[[9.395447278520674, 42.74051196135392], [9.396514442568778, 42.727755721299424], [9.379170159199925, 42.71833750843862], [9.34896599653848, 42.710051709983375], [9.329003897619025, 42.71880392198317], [9.343822423560974, 42.73968230090172], [9.352806924509533, 42.7391983261374], [9.373148827891502, 42.75099082570479], [9.388118085311413, 42.7478692502344], [9.395447278520674, 42.74051196135392]]]}, "properties": {"code": "2B109", "nom": "Farinole"}}, {"type": "Feature", "geometry": {"type": "Polygon", "coordinates": [[[9.221084024655989, 42.02759696053908], [9.227781462708503, 42.044822562204565], [9.241273301251955, 42.04832610026088], [9.25862507296315, 42.045704956996644], [9.27928634149221, 42.03469125482464], [9.302518097380876, 42.03165001718679], [9.316532120526798, 42.03554551559672], [9.309485231322098, 42.01564108966484], [9.312006150723095, 42.00107827073549], [9.323555415991017, 41.995998067117505], [9.306731368712427, 41.992686635403466], [9.297321562273341, 41.985938555457466], [9.28282289987655, 41.99450803871803], [9.253686929318562, 41.99762495698158], [9.239446864497108, 41.990044842206856], [9.22024262718855, 41.98962290545048], [9.215230285718876, 41.99363100830847], [9.221084024655989, 42.02759696053908]]]}, "properties": {"code": "2B135", "nom": "Isolaccio-di-Fiumorbo"}}, {"type": "Feature", "geometry": {"type": "Polygon", "coordinates": [[[9.389519627030152, 42.082829281831216], [9.37750639009802, 42.08943189947829], [9.344521196806681, 42.10090764255075], [9.334795987754118, 42.10624100235913], [9.280882166965057, 42.10966220183816], [9.277374368183255, 42.12405850932582], [9.2644134591361, 42.12718806222426], [9.250792961779718, 42.14129794260336], [9.24922993182525, 42.15208997555264], [9.267446267747522, 42.167699063001656], [9.275709918234524, 42.16610998683113], [9.283139565675816, 42.14967771026807], [9.305159106222202, 42.13234992392596], [9.315005926910418, 42.119872813857064], [9.33395757639568, 42.116865254650065], [9.34574856469933, 42.10710818013499], [9.36785100578409, 42.099605207391015], [9.38331187644246, 42.10497491008803], [9.389519627030152, 42.082829281831216]]]}, "properties": {"code": "2B229", "nom": "Pietroso"}}, {"type": "Feature", "geometry": {"type": "Polygon", "coordinates": [[[9.555157777309898, 42.25213246623729], [9.544019349322607, 42.25130541230767], [9.528097906264506, 42.26592167943708], [9.515116431358408, 42.2710213290076], [9.511973722096627, 42.28811376540521], [9.49846495720285, 42.299619119528], [9.489863083705256, 42.3166843592461], [9.5037805581358, 42.319236936857294], [9.523937406524686, 42.31550653755381], [9.540243691603074, 42.30007368509597], [9.553669918250188, 42.299227352748986], [9.559720920174655, 42.281366796993574], [9.555157777309898, 42.25213246623729]]]}, "properties": {"code": "2B303", "nom": "San-Giuliano"}}, {"type": "Feature", "geometry": {"type": "Polygon", "coordinates": [[[9.40737166485822, 42.324652769855774], [9.403136722007758, 42.33136463774787], [9.412337649792494, 42.33536321799757], [9.445056579914823, 42.34043433445733], [9.458162862914012, 42.33880847184749], [9.456077324982713, 42.31607518888144], [9.445486119601927, 42.314437836549416], [9.419160078880065, 42.320126356227796], [9.412934639351189, 42.31776131916807], [9.40737166485822, 42.324652769855774]]]}, "properties": {"code": "2B334", "nom": "Valle-d'Alesani"}}, {"type": "Feature", "geometry": {"type": "Polygon", "coordinates": [[[8.918889338071928, 42.602315767617064], [8.91688511392178, 42.59832491265867], [8.894553121529466, 42.594575767497744], [8.881399821852277, 42.60738208189423], [8.903173484271354, 42.60101381491894], [8.918889338071928, 42.602315767617064]]]}, "properties": {"code": "2B231", "nom": "Pigna"}}, {"type": "Feature", "geometry": {"type": "Polygon", "coordinates": [[[9.375215930399257, 42.43818957641242], [9.384066953971654, 42.44152752417387], [9.396499761063712, 42.42676632195514], [9.37580927057309, 42.43359087747091], [9.361042326712198, 42.42699920967275], [9.363713757547854, 42.41811916378118], [9.345093658670693, 42.41297361562507], [9.323641173881969, 42.411302893425635], [9.32682335026325, 42.41697490580131], [9.373071952774115, 42.43371885456521], [9.375215930399257, 42.43818957641242]]]}, "properties": {"code": "2B246", "nom": "Porta"}}, {"type": "Feature", "geometry": {"type": "Polygon", "coordinates": [[[9.404635081646424, 43.0056356454099], [9.42176120667186, 43.01172292609429], [9.446061984520055, 42.99277229023008], [9.463553614767086, 42.98640316480421], [9.454101912691607, 42.973075942676935], [9.455223647393835, 42.956477747960776], [9.433268248582571, 42.95158892993504], [9.420988529656267, 42.938113785530156], [9.402340825687956, 42.93838963823627], [9.393178104280437, 42.94604606662323], [9.393507960540958, 42.95826110312324], [9.414627250522619, 42.979783247920395], [9.404635081646424, 43.0056356454099]]]}, "properties": {"code": "2B261", "nom": "Rogliano"}}, {"type": "Feature", "geometry": {"type": "Polygon", "coordinates": [[[9.26580682494839, 42.6667073419367], [9.264397151103912, 42.65226039376769], [9.284482641299212, 42.633023613471785], [9.297488144610726, 42.61403847977732], [9.277213758053838, 42.609010444450824], [9.266947668339679, 42.60211059787383], [9.246564169253062, 42.59849949603775], [9.236004283168183, 42.60202131427578], [9.200176365563498, 42.621045794281656], [9.172259530103457, 42.640357578674056], [9.153090101851076, 42.66606544069444], [9.12931642215963, 42.68617656329729], [9.13594336065656, 42.69244696180157], [9.100417027967227, 42.715619669187504], [9.105979200233763, 42.72409469249662], [9.124558531022126, 42.731635182878094], [9.135118307261466, 42.728531514796074], [9.168151467723616, 42.736378653979244], [9.19805748276381, 42.724981437235], [9.220663922308333, 42.73560950529737], [9.234004331673624, 42.71991434242983], [9.238097036488911, 42.70015790785473], [9.262069172515426, 42.69226150886574], [9.25869115303031, 42.6790569457233], [9.26580682494839, 42.6667073419367]]]}, "properties": {"code": "2B314", "nom": "Santo-Pietro-di-Tenda"}}, {"type": "Feature", "geometry": {"type": "Polygon", "coordinates": [[[9.036296728515774, 41.85312491038235], [9.047067292153377, 41.86026460480883], [9.06441980692717, 41.86890802773556], [9.086651862539112, 41.8631220161176], [9.118414057895254, 41.85630085277404], [9.108403307424147, 41.838789817123], [9.087377446754992, 41.82278948152844], [9.076294764613797, 41.823122929550884], [9.060579619837648, 41.80405516593172], [9.046961110659904, 41.81790071708551], [9.022042399742451, 41.837570875850616], [9.036296728515774, 41.85312491038235]]]}, "properties": {"code": "2A186", "nom": "Olivese"}}, {"type": "Feature", "geometry": {"type": "Polygon", "coordinates": [[[8.919000774014767, 41.68071127255374], [8.915782780480423, 41.68156786818509], [8.914509146058741, 41.68972719719775], [8.88565222204057, 41.690851057362856], [8.878291827134744, 41.69597296957246], [8.841281825467787, 41.69754888764182], [8.82542164511797, 41.70937962165142], [8.828466316025995, 41.71611846874428], [8.845628510464467, 41.72459557233003], [8.873482686720305, 41.72168876570467], [8.887143111130547, 41.72914365525429], [8.90930480385425, 41.728630814321626], [8.921161407585277, 41.73955609059169], [8.941658214029703, 41.73840974455367], [8.953286849859747, 41.74305774865663], [8.963851339632242, 41.73156071240512], [8.963737223657304, 41.72055139344786], [8.948864994774866, 41.69572391151835], [8.919000774014767, 41.68071127255374]]]}, "properties": {"code": "2A189", "nom": "Olmeto"}}, {"type": "Feature", "geometry": {"type": "Polygon", "coordinates": [[[8.724756680299254, 42.342174859984766], [8.70321933854589, 42.327124011218395], [8.698025428229455, 42.311491600512916], [8.698816589895442, 42.291882035571746], [8.68718916601871, 42.28200812308796], [8.676011872380105, 42.283617789798704], [8.673956923395453, 42.29433981893209], [8.660471055303635, 42.30234915964081], [8.675467823431406, 42.3087932939714], [8.676210256371396, 42.32720782286107], [8.67003940796015, 42.33257446783236], [8.683479612022113, 42.34803124937012], [8.715164693117954, 42.34731408789375], [8.724756680299254, 42.342174859984766]]]}, "properties": {"code": "2A203", "nom": "Partinello"}}, {"type": "Feature", "geometry": {"type": "Polygon", "coordinates": [[[8.898483057456712, 42.57422770116252], [8.884607459445865, 42.575967906885076], [8.863119094279304, 42.58248823747683], [8.853096368052306, 42.59072835445083], [8.855768729419703, 42.59764934667557], [8.867394093155887, 42.60839659562364], [8.875233186941609, 42.61508723553634], [8.881399821852277, 42.60738208189423], [8.894553121529466, 42.594575767497744], [8.898483057456712, 42.57422770116252]]]}, "properties": {"code": "2B020", "nom": "Aregno"}}, {"type": "Feature", "geometry": {"type": "Polygon", "coordinates": [[[8.796518064914988, 42.565044268916054], [8.810086380077301, 42.55326343972797], [8.805562414608662, 42.54309867580849], [8.815314126597965, 42.53698739352969], [8.78882911395752, 42.52226753638104], [8.76982255895596, 42.51588930089324], [8.758247020739297, 42.520012709014836], [8.742003206449773, 42.53341780329852], [8.726242676988727, 42.5338871834818], [8.717443529306733, 42.52891562101323], [8.711638006715402, 42.534337354241124], [8.72051997985458, 42.55564983822992], [8.71291572750649, 42.577595996552304], [8.723646261067923, 42.581211528932755], [8.727040143111136, 42.561605555194134], [8.756417557530522, 42.570659862791466], [8.760441827402945, 42.55857137100389], [8.787065945635801, 42.55803097954457], [8.796518064914988, 42.565044268916054]]]}, "properties": {"code": "2B050", "nom": "Calvi"}}, {"type": "Feature", "geometry": {"type": "Polygon", "coordinates": [[[9.447906866176655, 42.436026451314895], [9.431257269140522, 42.42624830395973], [9.417724412094449, 42.427940606257884], [9.404624153365571, 42.43069630670286], [9.408487477928272, 42.447255827150904], [9.422521539045238, 42.439122503758526], [9.434962084836641, 42.44075153702046], [9.447906866176655, 42.436026451314895]]]}, "properties": {"code": "2B072", "nom": "Casalta"}}, {"type": "Feature", "geometry": {"type": "Polygon", "coordinates": [[[9.428377058238757, 42.514058690597565], [9.438925498942508, 42.51662331403438], [9.428325343057669, 42.50209333034064], [9.399000521613633, 42.48677804076698], [9.383742269751881, 42.499779129491856], [9.400810750460593, 42.4958323052576], [9.428377058238757, 42.514058690597565]]]}, "properties": {"code": "2B192", "nom": "Olmo"}}, {"type": "Feature", "geometry": {"type": "Polygon", "coordinates": [[[9.396644187291376, 41.77372271722085], [9.40804423486613, 41.765964137404545], [9.406221133350893, 41.73920301726866], [9.40137788652635, 41.71773597060919], [9.37950803115568, 41.72458860662412], [9.3677512855209, 41.72069207439242], [9.365528153831558, 41.70816219937264], [9.34737561973134, 41.702051259678036], [9.317364591784454, 41.70810251696805], [9.304956708936295, 41.713739696253306], [9.310709122252819, 41.72120646546492], [9.315501714092305, 41.74340868821625], [9.308309913443665, 41.74939961468645], [9.246756830702429, 41.76635262092058], [9.231709999641714, 41.77452469342126], [9.264912147635062, 41.805171992617325], [9.272434663049495, 41.8077338281029], [9.276929534750966, 41.79418414266499], [9.31176651277891, 41.78373942457631], [9.334245745834165, 41.78566029562717], [9.35207499172041, 41.7781519933729], [9.360167074056443, 41.76455204493701], [9.379754296988049, 41.76548411316909], [9.396644187291376, 41.77372271722085]]]}, "properties": {"code": "2A092", "nom": "Conca"}}, {"type": "Feature", "geometry": {"type": "Polygon", "coordinates": [[[8.698515306180862, 42.22833833639776], [8.738149511611091, 42.21932640901401], [8.751499747312023, 42.23220912769963], [8.755745944911158, 42.24654915922631], [8.76774481306286, 42.251520307261], [8.797581842439685, 42.239387028249176], [8.81320318095672, 42.239162846183305], [8.810536966729506, 42.230378872592205], [8.819064782526727, 42.22163007247365], [8.79380866525934, 42.212767633543784], [8.793706730448097, 42.20707839316675], [8.763775556356181, 42.19930288170968], [8.756789434512354, 42.20522388706677], [8.719385119249042, 42.208897147207225], [8.71766337695171, 42.19833108311463], [8.702705525813924, 42.18545082569767], [8.682072824371058, 42.17155805368672], [8.636832042386908, 42.166965131437166], [8.620707430531509, 42.184335200555665], [8.639124957797701, 42.19257340402385], [8.664713493816958, 42.21205932469955], [8.6727098525935, 42.21035945295086], [8.698515306180862, 42.22833833639776]]]}, "properties": {"code": "2A154", "nom": "Marignana"}}, {"type": "Feature", "geometry": {"type": "Polygon", "coordinates": [[[8.920785915661737, 42.17126482731415], [8.918847392445278, 42.18050179207331], [8.924492294160137, 42.194037260079895], [8.952911604343816, 42.21146026762719], [8.979793816265778, 42.223988723347084], [9.00649217285645, 42.208708359140026], [8.98242623286705, 42.20915895623406], [8.970015401133105, 42.187174981256746], [8.942890442505831, 42.18165399701108], [8.920785915661737, 42.17126482731415]]]}, "properties": {"code": "2A196", "nom": "Orto"}}, {"type": "Feature", "geometry": {"type": "Polygon", "coordinates": [[[8.97844143032362, 42.010214841401584], [8.974181908668962, 42.004680143047054], [8.946707675540392, 41.98912000779952], [8.882994782423538, 42.00073697577233], [8.869796877554654, 41.99134002162607], [8.842641540099887, 41.98226870462499], [8.850706951757143, 42.00253414503836], [8.866882722867482, 42.015025207676636], [8.88814186888694, 42.012450974688505], [8.892960025587374, 42.01664670721959], [8.938407238425436, 42.01407585795967], [8.962778341189644, 42.01956943423811], [8.97844143032362, 42.010214841401584]]]}, "properties": {"code": "2A209", "nom": "Peri"}}, {"type": "Feature", "geometry": {"type": "Polygon", "coordinates": [[[9.456264227573193, 42.07724330727382], [9.447104941616297, 42.08761072763747], [9.451584622543578, 42.10590046326978], [9.438769279272819, 42.11279363536698], [9.43807698289995, 42.12336594901337], [9.457894666214084, 42.13396928809917], [9.45196667896768, 42.14328358840284], [9.452822808772238, 42.14390760547005], [9.45419271584295, 42.150189402530785], [9.474859581284253, 42.14072279324996], [9.490759936137215, 42.14230967252872], [9.539248370650355, 42.13321209284937], [9.544510691624417, 42.144761940121874], [9.556247065967353, 42.142665143957586], [9.549983013016067, 42.104163972329616], [9.530222254216497, 42.08620807802025], [9.49698108331182, 42.0484512513089], [9.4732959838405, 42.07580996063988], [9.456264227573193, 42.07724330727382]]]}, "properties": {"code": "2B009", "nom": "Aléria"}}, {"type": "Feature", "geometry": {"type": "Polygon", "coordinates": [[[9.393178104280437, 42.94604606662323], [9.349902475231262, 42.96086011531018], [9.343281905381167, 42.97792535214096], [9.343576131030265, 42.99772996903893], [9.361543868643949, 42.975237935985675], [9.393507960540958, 42.95826110312324], [9.393178104280437, 42.94604606662323]]]}, "properties": {"code": "2B086", "nom": "Centuri"}}, {"type": "Feature", "geometry": {"type": "Polygon", "coordinates": [[[9.364136487746816, 42.22373530230489], [9.381679047084004, 42.23399592794337], [9.384733823168204, 42.233081699234646], [9.387691556347065, 42.22138085595784], [9.41955889110434, 42.20202713512505], [9.440682954727246, 42.162318122720734], [9.45419271584295, 42.150189402530785], [9.452822808772238, 42.14390760547005], [9.410646184553912, 42.18053147339308], [9.401069054765777, 42.19639262144804], [9.373511137895978, 42.20851570890622], [9.364136487746816, 42.22373530230489]]]}, "properties": {"code": "2B201", "nom": "Pancheraccia"}}, {"type": "Feature", "geometry": {"type": "Polygon", "coordinates": [[[9.53262538433347, 42.37902298010422], [9.508569381112903, 42.3817978588268], [9.487178670568168, 42.373645358650386], [9.488746074398325, 42.38907066413588], [9.497321088242778, 42.386427373207766], [9.52350906931463, 42.39487924049432], [9.535249416654706, 42.393995656654454], [9.53262538433347, 42.37902298010422]]]}, "properties": {"code": "2B307", "nom": "Santa-Lucia-di-Moriani"}}, {"type": "Feature", "geometry": {"type": "Polygon", "coordinates": [[[8.858710504493105, 41.62345428861361], [8.83924884503761, 41.60064806120015], [8.814283737787155, 41.587581213819114], [8.7907806139009, 41.59375147058218], [8.781873174006089, 41.587660330215634], [8.789697795273057, 41.605744811152924], [8.793556006064653, 41.629552968947365], [8.803701202596951, 41.63400885431926], [8.821776132159119, 41.63009123019617], [8.829607642884396, 41.63788302206594], [8.850726563893737, 41.646414942451464], [8.869502509562649, 41.64609463570318], [8.858710504493105, 41.62345428861361]]]}, "properties": {"code": "2A035", "nom": "Belvédère-Campomoro"}}, {"type": "Feature", "geometry": {"type": "Polygon", "coordinates": [[[8.650968207360178, 42.116987447736115], [8.647011374442783, 42.121135348279964], [8.62381016858365, 42.12310886026918], [8.612556656110256, 42.13449810145398], [8.59588643686324, 42.13026345045851], [8.593959572056217, 42.14318421123222], [8.577471823385967, 42.15655644794659], [8.59016996107674, 42.16388850796208], [8.588490478329543, 42.17141747571881], [8.57084410283626, 42.168980897065445], [8.566988028828339, 42.17810751163844], [8.5823768817164, 42.18327086055728], [8.6035890811202, 42.19597133020907], [8.620707430531509, 42.184335200555665], [8.636832042386908, 42.166965131437166], [8.682072824371058, 42.17155805368672], [8.68748665836349, 42.16600157040719], [8.671232670868209, 42.13048030897886], [8.650968207360178, 42.116987447736115]]]}, "properties": {"code": "2A065", "nom": "Cargèse"}}, {"type": "Feature", "geometry": {"type": "Polygon", "coordinates": [[[8.897288159060224, 42.14118955899589], [8.892563037769403, 42.12597192594777], [8.874374600343113, 42.11017796057314], [8.869928252584481, 42.09887332655863], [8.858754549473517, 42.100078145896326], [8.847736144505914, 42.10970672544435], [8.820868655238783, 42.11643143065541], [8.834406594426211, 42.13087748078943], [8.837513355046854, 42.13923009365281], [8.861743348195828, 42.141820333114765], [8.886881007690912, 42.14787799045632], [8.897288159060224, 42.14118955899589]]]}, "properties": {"code": "2A262", "nom": "Rosazia"}}, {"type": "Feature", "geometry": {"type": "Polygon", "coordinates": [[[8.724756680299254, 42.342174859984766], [8.759078812317421, 42.33804006429769], [8.770887277733078, 42.324764827713246], [8.767370463084147, 42.290946422356114], [8.74950768973924, 42.27849773458054], [8.737906762700641, 42.27972922783713], [8.690552617165094, 42.27491675321379], [8.68718916601871, 42.28200812308796], [8.698816589895442, 42.291882035571746], [8.698025428229455, 42.311491600512916], [8.70321933854589, 42.327124011218395], [8.724756680299254, 42.342174859984766]]]}, "properties": {"code": "2A279", "nom": "Serriera"}}, {"type": "Feature", "geometry": {"type": "Polygon", "coordinates": [[[8.947367025394348, 42.08972876159809], [8.956346352401514, 42.09273795106174], [8.96712825651114, 42.08996331957479], [8.971672430704144, 42.07910007025294], [9.013188679544, 42.054973636888874], [9.02072864022166, 42.04147852501001], [9.023141231830785, 42.03624086671179], [9.006642078414524, 42.021581935882516], [8.97844143032362, 42.010214841401584], [8.962778341189644, 42.01956943423811], [8.9657671728721, 42.02675323038856], [8.958561553021804, 42.044838132969254], [8.947215521603388, 42.05455947809016], [8.956481924391065, 42.05794855843131], [8.962303881599993, 42.07432646483332], [8.947367025394348, 42.08972876159809]]]}, "properties": {"code": "2A330", "nom": "Ucciani"}}, {"type": "Feature", "geometry": {"type": "Polygon", "coordinates": [[[9.409640749672775, 42.25412919275208], [9.404217499614576, 42.26268901085066], [9.41084963374087, 42.27081824873753], [9.431490145964776, 42.28187716332537], [9.443996133168978, 42.26984687598178], [9.44391610523926, 42.26967139496623], [9.416636301931698, 42.26070316650607], [9.409640749672775, 42.25412919275208]]]}, "properties": {"code": "2B053", "nom": "Campi"}}, {"type": "Feature", "geometry": {"type": "Polygon", "coordinates": [[[9.391491550210315, 42.84513437560887], [9.385070211215341, 42.834808776154276], [9.377753949086108, 42.83783407249532], [9.347376912732692, 42.83290040857273], [9.334829569425992, 42.82496981048839], [9.326299709899892, 42.81227211720158], [9.311621298469504, 42.829728091907505], [9.317096011112127, 42.84420864417557], [9.340295980977888, 42.865670474575644], [9.391491550210315, 42.84513437560887]]]}, "properties": {"code": "2B058", "nom": "Canari"}}, {"type": "Feature", "geometry": {"type": "Polygon", "coordinates": [[[9.391491550210315, 42.84513437560887], [9.402042388556413, 42.86118557641663], [9.403800508411841, 42.86266834255666], [9.416684477287372, 42.86472114415326], [9.449912649567029, 42.85779899270276], [9.480013624253866, 42.860150270268434], [9.484274670543185, 42.85018719508665], [9.480303406014482, 42.835812281119715], [9.487021839402459, 42.82688357930982], [9.407907514522119, 42.83048508829381], [9.385070211215341, 42.834808776154276], [9.391491550210315, 42.84513437560887]]]}, "properties": {"code": "2B224", "nom": "Pietracorbara"}}, {"type": "Feature", "geometry": {"type": "Polygon", "coordinates": [[[9.219254305859168, 42.16550973975856], [9.217088174554236, 42.179130996445174], [9.225527244350852, 42.19023680555479], [9.22648692185209, 42.2046305326104], [9.241941336434868, 42.21824413725788], [9.260767803479586, 42.19763482758514], [9.254275594564755, 42.18656060405346], [9.231107606741858, 42.17739690821778], [9.219254305859168, 42.16550973975856]]]}, "properties": {"code": "2B263", "nom": "Rospigliani"}}, {"type": "Feature", "geometry": {"type": "Polygon", "coordinates": [[[8.952397887813497, 42.60252503176063], [8.975146680696545, 42.61358722292223], [8.982918985497397, 42.56533505386859], [8.99859640711787, 42.5487989561997], [8.973677427827635, 42.53777514397901], [8.963085088022433, 42.54732058446164], [8.951721523908788, 42.57227023020375], [8.94915121455301, 42.58735242511416], [8.952397887813497, 42.60252503176063]]]}, "properties": {"code": "2B290", "nom": "Speloncato"}}, {"type": "Feature", "geometry": {"type": "Polygon", "coordinates": [[[9.139067289704581, 41.93144621554802], [9.160866706552902, 41.94463878044238], [9.166417307195568, 41.95406495257957], [9.192592952538195, 41.95271294807282], [9.197552636746604, 41.957162040509694], [9.222671306793305, 41.94945721103496], [9.21732174702759, 41.94007576668572], [9.230642296100608, 41.93262148856424], [9.21327974468161, 41.91746045798614], [9.194234101842563, 41.915219140779016], [9.185440690520197, 41.90886405294482], [9.165840393807601, 41.91159288703153], [9.165389568562158, 41.91857572272865], [9.141054291753337, 41.92689723290827], [9.139067289704581, 41.93144621554802]]]}, "properties": {"code": "2A099", "nom": "Cozzano"}}, {"type": "Feature", "geometry": {"type": "Polygon", "coordinates": [[[8.906112169782215, 42.02609367903299], [8.892960025587374, 42.01664670721959], [8.88814186888694, 42.012450974688505], [8.866882722867482, 42.015025207676636], [8.869397915032643, 42.04892394401898], [8.876935719418562, 42.05575826584274], [8.909403206461574, 42.03574862560144], [8.906112169782215, 42.02609367903299]]]}, "properties": {"code": "2A323", "nom": "Tavaco"}}, {"type": "Feature", "geometry": {"type": "Polygon", "coordinates": [[[8.947367025394348, 42.08972876159809], [8.962303881599993, 42.07432646483332], [8.956481924391065, 42.05794855843131], [8.947215521603388, 42.05455947809016], [8.919026186898991, 42.04093172837199], [8.915742522930508, 42.030348475315606], [8.906112169782215, 42.02609367903299], [8.909403206461574, 42.03574862560144], [8.876935719418562, 42.05575826584274], [8.886809575393048, 42.06440839108109], [8.89672765919967, 42.07250574985726], [8.918182044093882, 42.07538937634687], [8.933694322663554, 42.085873864274646], [8.947367025394348, 42.08972876159809]]]}, "properties": {"code": "2A345", "nom": "Vero"}}, {"type": "Feature", "geometry": {"type": "Polygon", "coordinates": [[[9.098218397816728, 42.33568798550624], [9.085210049343248, 42.34728755577792], [9.090556184650287, 42.36255863633883], [9.104952806365779, 42.372956128565306], [9.112127649467615, 42.3876170756126], [9.136252845099733, 42.39002268944319], [9.151773846127615, 42.395472629693444], [9.164904709382922, 42.39415302963693], [9.15964757807204, 42.379825371912865], [9.165966890998307, 42.37114658971411], [9.147920468129238, 42.36140524854826], [9.145491300856563, 42.35298580619331], [9.116793198449564, 42.34994512869787], [9.098218397816728, 42.33568798550624]]]}, "properties": {"code": "2B083", "nom": "Castirla"}}, {"type": "Feature", "geometry": {"type": "Polygon", "coordinates": [[[9.00025382607399, 42.6417520690961], [8.998001186503439, 42.61362129628409], [9.004989346019501, 42.59190484641629], [9.019009972209455, 42.5759673700684], [9.0380361421995, 42.57333189051167], [9.0315708137535, 42.55996170869305], [9.02035009244036, 42.55187303267968], [9.008195951903275, 42.55935675471575], [9.004393337698545, 42.56896555352766], [8.99995163455411, 42.58529105716571], [8.984851804660474, 42.620481648871205], [8.98030656740998, 42.63933700548751], [9.00025382607399, 42.6417520690961]]]}, "properties": {"code": "2B182", "nom": "Occhiatana"}}, {"type": "Feature", "geometry": {"type": "Polygon", "coordinates": [[[9.395719686006462, 42.550081101618964], [9.419399909149895, 42.53444257415737], [9.427005674968306, 42.519201270138296], [9.414148828217217, 42.52545999291935], [9.400763829259228, 42.521494043323216], [9.391287777863406, 42.52202699683515], [9.374606177396029, 42.536329520149344], [9.37512875167554, 42.55598684018164], [9.381934102194064, 42.56008913958531], [9.395719686006462, 42.550081101618964]]]}, "properties": {"code": "2B350", "nom": "Vignale"}}, {"type": "Feature", "geometry": {"type": "Polygon", "coordinates": [[[9.306240644995869, 42.50268378539402], [9.29415780460462, 42.5168038819467], [9.288089454100605, 42.53264631935215], [9.289590548489407, 42.54920985356297], [9.29439527181283, 42.55191124472798], [9.321310737365813, 42.54444703573676], [9.310336887448694, 42.52532922718107], [9.311259357615315, 42.50558787346695], [9.306240644995869, 42.50268378539402]]]}, "properties": {"code": "2B036", "nom": "Bigorno"}}, {"type": "Feature", "geometry": {"type": "Polygon", "coordinates": [[[9.372858603549899, 42.347144584376224], [9.378851226355918, 42.3652974603643], [9.381609193744458, 42.36494247454972], [9.392184001524887, 42.353900586351514], [9.372858603549899, 42.347144584376224]]]}, "properties": {"code": "2B067", "nom": "Carpineto"}}, {"type": "Feature", "geometry": {"type": "Polygon", "coordinates": [[[9.219581067193289, 42.16299366642148], [9.202775894736073, 42.149475946305806], [9.180083943817552, 42.140581385507076], [9.172686868675708, 42.146934690951134], [9.1795807518106, 42.17189693216682], [9.16821203838731, 42.193173962466766], [9.174393682835092, 42.19926794377841], [9.189984433102957, 42.19399565067715], [9.19415904990203, 42.18371908548375], [9.219254305859168, 42.16550973975856], [9.219581067193289, 42.16299366642148]]]}, "properties": {"code": "2B171", "nom": "Muracciole"}}, {"type": "Feature", "geometry": {"type": "Polygon", "coordinates": [[[9.126954112567896, 41.92845573074363], [9.136443402780023, 41.94672827247352], [9.127256813201575, 41.96358097857483], [9.110072243751201, 41.97435380799073], [9.097585498992732, 41.978076184947824], [9.1033260664177, 41.986494417420886], [9.146645804563075, 42.010702003876865], [9.160733804765979, 41.99869778921187], [9.15392635159559, 41.98144968685561], [9.161871258897268, 41.97704837164209], [9.166417307195568, 41.95406495257957], [9.160866706552902, 41.94463878044238], [9.139067289704581, 41.93144621554802], [9.126954112567896, 41.92845573074363]]]}, "properties": {"code": "2A089", "nom": "Ciamannacce"}}, {"type": "Feature", "geometry": {"type": "Polygon", "coordinates": [[[8.998605847427939, 41.862961105804395], [9.033140223787466, 41.857603005923536], [9.036296728515774, 41.85312491038235], [9.022042399742451, 41.837570875850616], [9.007812740699672, 41.83140125581243], [8.998605847427939, 41.862961105804395]]]}, "properties": {"code": "2A117", "nom": "Forciolo"}}, {"type": "Feature", "geometry": {"type": "Polygon", "coordinates": [[[8.883657975165479, 42.177189874700204], [8.906837151069466, 42.181910893295786], [8.918847392445278, 42.18050179207331], [8.920785915661737, 42.17126482731415], [8.911549998264814, 42.15775892268943], [8.916684086127406, 42.14478445338052], [8.913317707615725, 42.14262056447816], [8.897288159060224, 42.14118955899589], [8.886881007690912, 42.14787799045632], [8.874471416607028, 42.15756889875261], [8.879557750699323, 42.178102313767866], [8.883657975165479, 42.177189874700204]]]}, "properties": {"code": "2A240", "nom": "Poggiolo"}}, {"type": "Feature", "geometry": {"type": "Polygon", "coordinates": [[[9.078630666520656, 41.73154940214118], [9.083008156965132, 41.744971071664104], [9.082167624119792, 41.76447808916842], [9.095183471875224, 41.77562582595721], [9.101372111763872, 41.79310520767043], [9.11364354252888, 41.80289830080609], [9.151978876579363, 41.84418372679824], [9.163486848106725, 41.83888908242533], [9.138761701603185, 41.81990698917749], [9.12334978693599, 41.79491069801067], [9.123818097750489, 41.7743784648391], [9.114068380069822, 41.76670193244148], [9.094503124674405, 41.735725355506474], [9.09841359545489, 41.73050358402855], [9.090681802740354, 41.721303615355595], [9.078630666520656, 41.73154940214118]]]}, "properties": {"code": "2A278", "nom": "Serra-di-Scopamène"}}, {"type": "Feature", "geometry": {"type": "Polygon", "coordinates": [[[9.101627673433788, 41.65909964121985], [9.080258160419556, 41.6499797241988], [9.062796641942626, 41.638504826276424], [9.028584215144619, 41.63479939888226], [9.020919946223529, 41.639940449349524], [9.062936972860703, 41.69285174869238], [9.046357896675563, 41.70035946081118], [9.039133404287227, 41.68894776993274], [9.041620950081713, 41.71033294452535], [9.049496096584111, 41.7118709772027], [9.050566531497047, 41.70999883960574], [9.052460933705035, 41.705728253874014], [9.081958707859599, 41.69860363153121], [9.091578896048555, 41.6810533557515], [9.084359595593964, 41.67349062996839], [9.086788327260127, 41.66277957628184], [9.101627673433788, 41.65909964121985]]]}, "properties": {"code": "2A308", "nom": "Sainte-Lucie-de-Tallano"}}, {"type": "Feature", "geometry": {"type": "Polygon", "coordinates": [[[8.964610202333665, 41.83690928691913], [8.98939092935356, 41.85862021391589], [8.993624974000834, 41.86316330583635], [8.998605847427939, 41.862961105804395], [9.007812740699672, 41.83140125581243], [9.00463401400028, 41.826447500826625], [8.980271037398516, 41.81994169311779], [8.962475016146488, 41.808897405706475], [8.957556233135087, 41.81086020598468], [8.964610202333665, 41.83690928691913]]]}, "properties": {"code": "2A360", "nom": "Zigliara"}}, {"type": "Feature", "geometry": {"type": "Polygon", "coordinates": [[[9.284720298367919, 42.50010543096598], [9.26181777171887, 42.47555641648645], [9.23451382598046, 42.46911584665804], [9.21020613105902, 42.47165498535864], [9.192359843503308, 42.48310005856004], [9.17963418437933, 42.49452434218996], [9.192761190401745, 42.50638546978578], [9.20580145082841, 42.51680772736808], [9.221406586119539, 42.517177878596414], [9.221781947076074, 42.52800393424071], [9.236392741346783, 42.51961996506845], [9.266985777191781, 42.51969110897227], [9.280417326869882, 42.50937260838864], [9.284720298367919, 42.50010543096598]]]}, "properties": {"code": "2B059", "nom": "Canavaggia"}}, {"type": "Feature", "geometry": {"type": "Polygon", "coordinates": [[[9.282415595615019, 42.596574055009675], [9.26870621123487, 42.58976011162208], [9.248591578722243, 42.593050901212344], [9.210229397660898, 42.58594905003099], [9.209452450227666, 42.594570347990505], [9.202902862930566, 42.60452403443599], [9.175144035261152, 42.61747448394508], [9.172790414555504, 42.62728687056621], [9.154196813373348, 42.63795575330302], [9.13519594591271, 42.64436109214484], [9.119203611536046, 42.660473843648816], [9.106990777144848, 42.65563625356709], [9.093615032246063, 42.6592680704953], [9.084743647194857, 42.67688922108544], [9.066976860907449, 42.684703606849496], [9.062211964109537, 42.69392398878892], [9.07170582542154, 42.693411892924345], [9.081946893576179, 42.70251191464842], [9.085761789636846, 42.71460773012415], [9.100417027967227, 42.715619669187504], [9.13594336065656, 42.69244696180157], [9.12931642215963, 42.68617656329729], [9.153090101851076, 42.66606544069444], [9.172259530103457, 42.640357578674056], [9.200176365563498, 42.621045794281656], [9.236004283168183, 42.60202131427578], [9.246564169253062, 42.59849949603775], [9.266947668339679, 42.60211059787383], [9.277213758053838, 42.609010444450824], [9.297488144610726, 42.61403847977732], [9.282415595615019, 42.596574055009675]]]}, "properties": {"code": "2B301", "nom": "San-Gavino-di-Tenda"}}, {"type": "Feature", "geometry": {"type": "Polygon", "coordinates": [[[9.55438449171741, 42.15678386482906], [9.556247065967353, 42.142665143957586], [9.544510691624417, 42.144761940121874], [9.539248370650355, 42.13321209284937], [9.490759936137215, 42.14230967252872], [9.474859581284253, 42.14072279324996], [9.45419271584295, 42.150189402530785], [9.440682954727246, 42.162318122720734], [9.41955889110434, 42.20202713512505], [9.387691556347065, 42.22138085595784], [9.384733823168204, 42.233081699234646], [9.410912403111848, 42.24922842911301], [9.45114432021573, 42.221478281609684], [9.463349777796102, 42.228308895417456], [9.472805126979054, 42.22121271629699], [9.46979369904761, 42.21273137778442], [9.482920846177807, 42.18931051186072], [9.50338145881224, 42.18095568230834], [9.514530082415718, 42.168918387576994], [9.543919066102747, 42.16432017517585], [9.55438449171741, 42.15678386482906]]]}, "properties": {"code": "2B320", "nom": "Tallone"}}, {"type": "Feature", "geometry": {"type": "Polygon", "coordinates": [[[9.126600674183914, 42.56123731356435], [9.131387732467532, 42.54974949367372], [9.156927671563885, 42.528521222119515], [9.17569767382832, 42.50927548016204], [9.192761190401745, 42.50638546978578], [9.17963418437933, 42.49452434218996], [9.180404923922776, 42.498807689957474], [9.159020512910569, 42.51046094011929], [9.151126370707239, 42.502982461162], [9.116772091480465, 42.49609356610733], [9.08222603901297, 42.501178257439854], [9.078364789744132, 42.50726811708379], [9.081757246228182, 42.520165854540814], [9.074521977530054, 42.538106125545376], [9.08087078875752, 42.554667804821285], [9.094163914167572, 42.56504416058443], [9.126600674183914, 42.56123731356435]]]}, "properties": {"code": "2B080", "nom": "Castifao"}}, {"type": "Feature", "geometry": {"type": "Polygon", "coordinates": [[[9.179843161979743, 42.275076819471956], [9.205719245476756, 42.28477225630716], [9.22262461160567, 42.28927260728988], [9.235664062130533, 42.276616036228035], [9.225933935500672, 42.26491781188848], [9.22823871378778, 42.24973645784944], [9.213926821408002, 42.248421380009454], [9.206143048680865, 42.25626023459798], [9.182113826376495, 42.25669881998094], [9.174936940643601, 42.26056040361649], [9.179843161979743, 42.275076819471956]]]}, "properties": {"code": "2B238", "nom": "Poggio-di-Venaco"}}, {"type": "Feature", "geometry": {"type": "Polygon", "coordinates": [[[9.339308935721668, 42.34210097738609], [9.340236164224903, 42.34168495625879], [9.326968832610742, 42.335668512087594], [9.312519997351577, 42.33768609719082], [9.281256096448088, 42.33515413240666], [9.271683308860961, 42.34050746712169], [9.270691039525259, 42.35097080827132], [9.279057405819115, 42.36062008623459], [9.30551589645325, 42.354229161021635], [9.313863867911019, 42.36139757459922], [9.328671897150707, 42.36262648859481], [9.331337076380771, 42.35984376736953], [9.339308935721668, 42.34210097738609]]]}, "properties": {"code": "2B068", "nom": "Carticasi"}}, {"type": "Feature", "geometry": {"type": "Polygon", "coordinates": [[[9.404635081646424, 43.0056356454099], [9.414627250522619, 42.979783247920395], [9.393507960540958, 42.95826110312324], [9.361543868643949, 42.975237935985675], [9.343576131030265, 42.99772996903893], [9.359041552912467, 43.00672587442155], [9.382803723325335, 43.01012095655695], [9.404635081646424, 43.0056356454099]]]}, "properties": {"code": "2B107", "nom": "Ersa"}}, {"type": "Feature", "geometry": {"type": "Polygon", "coordinates": [[[9.337935426548984, 42.80393388363987], [9.326299709899892, 42.81227211720158], [9.334829569425992, 42.82496981048839], [9.347376912732692, 42.83290040857273], [9.377753949086108, 42.83783407249532], [9.385070211215341, 42.834808776154276], [9.385349703832562, 42.82743951057289], [9.365458083816414, 42.821190627111974], [9.358651815210607, 42.80706202788961], [9.337935426548984, 42.80393388363987]]]}, "properties": {"code": "2B183", "nom": "Ogliastro"}}, {"type": "Feature", "geometry": {"type": "Polygon", "coordinates": [[[9.164904709382922, 42.39415302963693], [9.179066074337367, 42.41223733702004], [9.198684089636505, 42.4212208421045], [9.197134422095608, 42.41820053365267], [9.197517515763503, 42.40770833344349], [9.209041497802712, 42.395488307300695], [9.201797856165584, 42.39004616727221], [9.227828773736471, 42.38196946190768], [9.229400254658035, 42.35872851138953], [9.215817820145583, 42.359722345742796], [9.203289084278214, 42.35266495866912], [9.193275870944749, 42.35796434224634], [9.165966890998307, 42.37114658971411], [9.15964757807204, 42.379825371912865], [9.164904709382922, 42.39415302963693]]]}, "properties": {"code": "2B193", "nom": "Omessa"}}, {"type": "Feature", "geometry": {"type": "Polygon", "coordinates": [[[9.344470040915418, 42.32828560009553], [9.347158528783885, 42.32943236687371], [9.353283881847931, 42.327650414217565], [9.368112855208711, 42.31586066731834], [9.380513300238317, 42.306748397727496], [9.37912739199539, 42.299555105790716], [9.37169786769815, 42.277513904064556], [9.37800529057769, 42.27311353737677], [9.358277108095084, 42.27233215161241], [9.335034680255074, 42.279898646047506], [9.334276568755238, 42.283550395268314], [9.338210526859326, 42.3120192261161], [9.344470040915418, 42.32828560009553]]]}, "properties": {"code": "2B213", "nom": "Pianello"}}, {"type": "Feature", "geometry": {"type": "Polygon", "coordinates": [[[9.325771140434751, 42.39861508735372], [9.326709675850505, 42.396160648393526], [9.311533584612866, 42.39216649520196], [9.293509510037882, 42.39456965548379], [9.270937957220019, 42.40640809339811], [9.256190411200274, 42.40310213748825], [9.252187682594679, 42.41105585424442], [9.230127690698211, 42.4178957881567], [9.197134422095608, 42.41820053365267], [9.198684089636505, 42.4212208421045], [9.202770585485254, 42.427384212898744], [9.209121343909864, 42.43319897907979], [9.248348003033872, 42.4188375409668], [9.278581113999948, 42.40978691724022], [9.325870189585338, 42.40222511770805], [9.325771140434751, 42.39861508735372]]]}, "properties": {"code": "2B267", "nom": "Saliceto"}}, {"type": "Feature", "geometry": {"type": "Polygon", "coordinates": [[[8.898483057456712, 42.57422770116252], [8.894553121529466, 42.594575767497744], [8.91688511392178, 42.59832491265867], [8.915173123181413, 42.58771860734896], [8.924742679767105, 42.58116519451487], [8.918838945077985, 42.574569277917725], [8.898483057456712, 42.57422770116252]]]}, "properties": {"code": "2B296", "nom": "Sant'Antonino"}}, {"type": "Feature", "geometry": {"type": "Polygon", "coordinates": [[[8.857165708421912, 42.330983086005205], [8.89793285116733, 42.35877647907935], [8.91378579182842, 42.375110845174405], [8.929641438907494, 42.3729926721591], [8.94578437300789, 42.36373077426726], [8.96445529087656, 42.3368921840755], [8.99789444783103, 42.33409894579257], [8.993807833049562, 42.32421632491971], [8.979077528437754, 42.31735816908893], [8.975763500264916, 42.29217242195592], [8.98544596567752, 42.28073000141667], [8.970242210535348, 42.264948544240816], [8.947911926696158, 42.26371515584183], [8.926624311147608, 42.25419059779352], [8.904766989145307, 42.253859280700944], [8.881944880968232, 42.27169116671868], [8.885872021664493, 42.28081907700972], [8.87520921911696, 42.29428830686922], [8.859024483697455, 42.29995020570288], [8.861675727165986, 42.32811167142221], [8.857165708421912, 42.330983086005205]]]}, "properties": {"code": "2B007", "nom": "Albertacce"}}, {"type": "Feature", "geometry": {"type": "Polygon", "coordinates": [[[9.364692880422764, 42.46963465740461], [9.372230220133792, 42.47875211788852], [9.38608304609269, 42.4509387970087], [9.36487270344764, 42.45598838113246], [9.364692880422764, 42.46963465740461]]]}, "properties": {"code": "2B206", "nom": "Penta-Acquatella"}}, {"type": "Feature", "geometry": {"type": "Polygon", "coordinates": [[[9.277495213613863, 42.3192556448148], [9.274476986548425, 42.30222259487542], [9.246616859167275, 42.290630890635086], [9.257529710703059, 42.30808249246255], [9.259121186597472, 42.32817523282842], [9.271683308860961, 42.34050746712169], [9.281256096448088, 42.33515413240666], [9.277495213613863, 42.3192556448148]]]}, "properties": {"code": "2B275", "nom": "Sermano"}}, {"type": "Feature", "geometry": {"type": "Polygon", "coordinates": [[[9.282415595615019, 42.596574055009675], [9.281829480346964, 42.57971680039797], [9.250423716093712, 42.561911950865195], [9.219514465435086, 42.56033823031929], [9.212276573557448, 42.579057374210315], [9.210229397660898, 42.58594905003099], [9.248591578722243, 42.593050901212344], [9.26870621123487, 42.58976011162208], [9.282415595615019, 42.596574055009675]]]}, "properties": {"code": "2B287", "nom": "Sorio"}}, {"type": "Feature", "geometry": {"type": "Polygon", "coordinates": [[[9.123746649007689, 42.238946386458075], [9.130990131872272, 42.24695596821817], [9.151286359563041, 42.25745427010963], [9.177307428930986, 42.250479351771304], [9.186898891493504, 42.24020264188344], [9.199381208195348, 42.24328685278846], [9.22899113411561, 42.240614257034174], [9.217160569303953, 42.23568330671651], [9.190989542950476, 42.23597950328047], [9.1786875295315, 42.24211466935753], [9.14981046680264, 42.23843869635161], [9.123746649007689, 42.238946386458075]]]}, "properties": {"code": "2B315", "nom": "Santo-Pietro-di-Venaco"}}, {"type": "Feature", "geometry": {"type": "Polygon", "coordinates": [[[8.790250819984184, 42.05509789050727], [8.825550126703941, 42.03900562751659], [8.805738770929965, 42.02821226712075], [8.773507699546887, 42.045684359401065], [8.743399016869057, 42.05722902521571], [8.743930723965175, 42.05945236314198], [8.757276731756404, 42.05550156793515], [8.790250819984184, 42.05509789050727]]]}, "properties": {"code": "2A295", "nom": "Sant'Andréa-d'Orcino"}}, {"type": "Feature", "geometry": {"type": "Polygon", "coordinates": [[[9.391491550210315, 42.84513437560887], [9.340295980977888, 42.865670474575644], [9.331968178166248, 42.87026782937916], [9.32099266661525, 42.89355977208121], [9.326389143428795, 42.90118031788039], [9.360781573280098, 42.88962654429841], [9.37830896756288, 42.881105436474186], [9.393023198568933, 42.86458427327733], [9.402042388556413, 42.86118557641663], [9.391491550210315, 42.84513437560887]]]}, "properties": {"code": "2B030", "nom": "Barrettali"}}, {"type": "Feature", "geometry": {"type": "Polygon", "coordinates": [[[9.32682335026325, 42.41697490580131], [9.323641173881969, 42.411302893425635], [9.324162734922115, 42.404995816408864], [9.28938253250189, 42.42131340377605], [9.25972565400781, 42.42200961916272], [9.249184168371412, 42.43097010063378], [9.225404752316365, 42.43656030198723], [9.21946674774627, 42.44404575437327], [9.229793780082653, 42.444875224250474], [9.267938596681491, 42.43752207058421], [9.287296786475444, 42.426695202736], [9.310911070900755, 42.4246834286607], [9.32682335026325, 42.41697490580131]]]}, "properties": {"code": "2B082", "nom": "Castineta"}}, {"type": "Feature", "geometry": {"type": "Polygon", "coordinates": [[[9.364692880422764, 42.46963465740461], [9.346150082836175, 42.4629999475164], [9.33304449340118, 42.46591342859397], [9.340736288834062, 42.48356373646294], [9.355789490971352, 42.47948256917763], [9.370317977520157, 42.48455720580527], [9.372230220133792, 42.47875211788852], [9.364692880422764, 42.46963465740461]]]}, "properties": {"code": "2B102", "nom": "Crocicchia"}}, {"type": "Feature", "geometry": {"type": "Polygon", "coordinates": [[[9.326389143428795, 42.90118031788039], [9.359475556681645, 42.92288683362775], [9.37699594532358, 42.91153374858226], [9.36225657239273, 42.89680158981327], [9.360781573280098, 42.88962654429841], [9.326389143428795, 42.90118031788039]]]}, "properties": {"code": "2B233", "nom": "Pino"}}, {"type": "Feature", "geometry": {"type": "Polygon", "coordinates": [[[9.395447278520674, 42.74051196135392], [9.388118085311413, 42.7478692502344], [9.414991491112369, 42.772638193374846], [9.42102310891928, 42.76572668073134], [9.450440426053023, 42.75388805919561], [9.468416044129457, 42.75282903357619], [9.46132681028699, 42.74016739662592], [9.422758348206756, 42.74367364305296], [9.41618181924985, 42.73643672334455], [9.395447278520674, 42.74051196135392]]]}, "properties": {"code": "2B309", "nom": "Santa-Maria-di-Lota"}}, {"type": "Feature", "geometry": {"type": "Polygon", "coordinates": [[[9.479906627744988, 42.34174947559195], [9.50635351025565, 42.33951919974666], [9.530726251886726, 42.34191010158688], [9.540420096953023, 42.33728215468742], [9.5425381090168, 42.32862003174873], [9.497957744993398, 42.33168235454183], [9.478549087656274, 42.33717895332937], [9.479906627744988, 42.34174947559195]]]}, "properties": {"code": "2B335", "nom": "Valle-di-Campoloro"}}, {"type": "Feature", "geometry": {"type": "Polygon", "coordinates": [[[9.219581067193289, 42.16299366642148], [9.219254305859168, 42.16550973975856], [9.231107606741858, 42.17739690821778], [9.254275594564755, 42.18656060405346], [9.260767803479586, 42.19763482758514], [9.27868448845941, 42.19546594688632], [9.291795163630026, 42.199240873029886], [9.296509499305646, 42.191325131306385], [9.316644081036742, 42.180516585950784], [9.314922927190555, 42.158582153861715], [9.319787009444223, 42.1511026539335], [9.343554237429405, 42.14481334864929], [9.346463771875117, 42.1311797024856], [9.35698079089643, 42.12362516679551], [9.36785100578409, 42.099605207391015], [9.34574856469933, 42.10710818013499], [9.33395757639568, 42.116865254650065], [9.315005926910418, 42.119872813857064], [9.305159106222202, 42.13234992392596], [9.283139565675816, 42.14967771026807], [9.275709918234524, 42.16610998683113], [9.267446267747522, 42.167699063001656], [9.24922993182525, 42.15208997555264], [9.250792961779718, 42.14129794260336], [9.237003275857077, 42.145108308247565], [9.219581067193289, 42.16299366642148]]]}, "properties": {"code": "2B347", "nom": "Vezzani"}}, {"type": "Feature", "geometry": {"type": "Polygon", "coordinates": [[[9.126954112567896, 41.92845573074363], [9.107224317536252, 41.92832887698707], [9.114886152167813, 41.96223459038446], [9.110072243751201, 41.97435380799073], [9.127256813201575, 41.96358097857483], [9.136443402780023, 41.94672827247352], [9.126954112567896, 41.92845573074363]]]}, "properties": {"code": "2A268", "nom": "Sampolo"}}, {"type": "Feature", "geometry": {"type": "Polygon", "coordinates": [[[8.866882722867482, 42.015025207676636], [8.850706951757143, 42.00253414503836], [8.842641540099887, 41.98226870462499], [8.822208566675618, 41.959794271112436], [8.817646974201386, 41.95137958448538], [8.811549265828532, 41.947922886420535], [8.784625924023654, 41.95256319721317], [8.804609785089365, 41.958799262724916], [8.804603273563698, 41.96705128781538], [8.816621146766087, 41.98470458251646], [8.807517537222784, 42.00928581420777], [8.80308008406375, 42.01279076982745], [8.824768308652988, 42.0105166273578], [8.836378644827041, 42.01685819242413], [8.835116685807112, 42.03882947436937], [8.842222045151333, 42.04270760491412], [8.869397915032643, 42.04892394401898], [8.866882722867482, 42.015025207676636]]]}, "properties": {"code": "2A271", "nom": "Sarrola-Carcopino"}}, {"type": "Feature", "geometry": {"type": "Polygon", "coordinates": [[[9.28051881173026, 42.36392391040525], [9.279057405819115, 42.36062008623459], [9.270691039525259, 42.35097080827132], [9.271683308860961, 42.34050746712169], [9.259121186597472, 42.32817523282842], [9.254999753979053, 42.33564889023155], [9.24790582305658, 42.350798631697934], [9.238486923936927, 42.352632448723114], [9.233974428378398, 42.355340676063626], [9.25138912809181, 42.37154740233685], [9.28051881173026, 42.36392391040525]]]}, "properties": {"code": "2B264", "nom": "Rusio"}}, {"type": "Feature", "geometry": {"type": "Polygon", "coordinates": [[[9.396953269986655, 42.45478594681427], [9.408283050473976, 42.46335720890169], [9.43564794315888, 42.46419490516553], [9.436081546532538, 42.4605070237416], [9.426927019932934, 42.449606591222675], [9.434962084836641, 42.44075153702046], [9.422521539045238, 42.439122503758526], [9.408487477928272, 42.447255827150904], [9.396953269986655, 42.45478594681427]]]}, "properties": {"code": "2B280", "nom": "Silvareccio"}}, {"type": "Feature", "geometry": {"type": "Polygon", "coordinates": [[[8.668421997672647, 41.982130612178764], [8.669040647143778, 41.9901771325816], [8.693100562468128, 41.98627126216505], [8.721290496147859, 41.99282859888763], [8.74909574125202, 41.993157027685456], [8.771483816843999, 41.98897273709087], [8.788208220698444, 41.969473481418014], [8.784316125350815, 41.955426730254715], [8.744689872797794, 41.96140918042068], [8.725731912405449, 41.959943565977824], [8.710632740019838, 41.946871554631954], [8.700561691769245, 41.953261543588276], [8.68895027220716, 41.97382114001411], [8.668421997672647, 41.982130612178764]]]}, "properties": {"code": "2A006", "nom": "Alata"}}, {"type": "Feature", "geometry": {"type": "Polygon", "coordinates": [[[8.95785174474609, 41.84691254450285], [8.964610202333665, 41.83690928691913], [8.957556233135087, 41.81086020598468], [8.937226014087102, 41.798126910710856], [8.936715432543313, 41.80836152414126], [8.944859534504479, 41.81832445670427], [8.933067631474776, 41.82966362448459], [8.939694602609638, 41.84463123524347], [8.95785174474609, 41.84691254450285]]]}, "properties": {"code": "2A331", "nom": "Urbalacone"}}, {"type": "Feature", "geometry": {"type": "Polygon", "coordinates": [[[9.44391610523926, 42.26967139496623], [9.443996133168978, 42.26984687598178], [9.478078605753137, 42.27053027786699], [9.497937631054413, 42.262290929564735], [9.519793863782986, 42.2480543409371], [9.53773228592386, 42.241638387657055], [9.55321909487331, 42.24143077714765], [9.552866719432533, 42.22126175884025], [9.558966860048981, 42.19643769306218], [9.55438449171741, 42.15678386482906], [9.543919066102747, 42.16432017517585], [9.514530082415718, 42.168918387576994], [9.50338145881224, 42.18095568230834], [9.482920846177807, 42.18931051186072], [9.46979369904761, 42.21273137778442], [9.472805126979054, 42.22121271629699], [9.47536739387086, 42.23045191708001], [9.460142330282594, 42.24355368837929], [9.44391610523926, 42.26967139496623]]]}, "properties": {"code": "2B143", "nom": "Linguizzetta"}}, {"type": "Feature", "geometry": {"type": "Polygon", "coordinates": [[[9.092451238749, 41.88878067421073], [9.07695981488237, 41.90207219906981], [9.059529250529062, 41.90549856138373], [9.06281664149722, 41.924771471072965], [9.06523603175949, 41.92986738927654], [9.053181979001916, 41.95942850988323], [9.065559089383992, 41.963205474918055], [9.074652121520295, 41.94674297572413], [9.069355820931825, 41.936703651098256], [9.085601846710441, 41.93194772786876], [9.104787916566243, 41.91740490623679], [9.105979602702375, 41.9097040982723], [9.092451238749, 41.88878067421073]]]}, "properties": {"code": "2A133", "nom": "Guitera-les-Bains"}}, {"type": "Feature", "geometry": {"type": "Polygon", "coordinates": [[[8.796518064914988, 42.565044268916054], [8.804094980454654, 42.569860341632605], [8.801348267948205, 42.58416220109209], [8.811084315287763, 42.589680891590966], [8.808932860020777, 42.599055946968434], [8.823531257274134, 42.606183978429854], [8.83432573733819, 42.60174496141607], [8.847486307598784, 42.60921900378005], [8.855768729419703, 42.59764934667557], [8.853096368052306, 42.59072835445083], [8.842591484615458, 42.574185404121515], [8.850068590869121, 42.56495920527621], [8.820693959787514, 42.55131464034891], [8.810086380077301, 42.55326343972797], [8.796518064914988, 42.565044268916054]]]}, "properties": {"code": "2B150", "nom": "Lumio"}}, {"type": "Feature", "geometry": {"type": "Polygon", "coordinates": [[[9.398234559171714, 42.62051761574615], [9.371300040416374, 42.61913502748239], [9.349882695011015, 42.625544038046954], [9.301527499982788, 42.62676029801299], [9.295890150291108, 42.64227223186463], [9.288826361925995, 42.645863421086354], [9.283021652726282, 42.66247583835485], [9.30062584501364, 42.6695287850843], [9.323752139412148, 42.66999259469511], [9.346193880257763, 42.64726619413301], [9.360766205616875, 42.6359448399426], [9.383854210420136, 42.634493956780666], [9.392237923151294, 42.63786164573332], [9.394522285180614, 42.63474817677258], [9.398234559171714, 42.62051761574615]]]}, "properties": {"code": "2B185", "nom": "Oletta"}}, {"type": "Feature", "geometry": {"type": "Polygon", "coordinates": [[[9.382026911621029, 42.667391099256], [9.38025039955303, 42.658107328434546], [9.392237923151294, 42.63786164573332], [9.383854210420136, 42.634493956780666], [9.360766205616875, 42.6359448399426], [9.346193880257763, 42.64726619413301], [9.323752139412148, 42.66999259469511], [9.337571669262292, 42.67813892536694], [9.364429571365848, 42.67479165685336], [9.382026911621029, 42.667391099256]]]}, "properties": {"code": "2B239", "nom": "Poggio-d'Oletta"}}, {"type": "Feature", "geometry": {"type": "Polygon", "coordinates": [[[8.774217298944727, 42.101912918845514], [8.779530464013886, 42.09456169448125], [8.79888010803901, 42.08336513320087], [8.786980661388448, 42.07834966812699], [8.772354646679455, 42.08149556048812], [8.737148549626468, 42.083585990016225], [8.756967100636894, 42.091320616534006], [8.774217298944727, 42.101912918845514]]]}, "properties": {"code": "2A014", "nom": "Ambiegna"}}, {"type": "Feature", "geometry": {"type": "Polygon", "coordinates": [[[8.940487655060172, 41.49008879326534], [8.958474869065055, 41.506644725973565], [8.971234489582699, 41.50856619738514], [8.99657240022946, 41.53615270553381], [9.014335829612433, 41.54631152189645], [9.022739802768378, 41.561166177256325], [9.036699198379864, 41.56882964176362], [9.075764301760772, 41.57261838680251], [9.063875039523746, 41.56239943156223], [9.063261303599306, 41.54856545171745], [9.031911992476564, 41.52021277984645], [9.034112872847992, 41.505002137591745], [9.013408453886527, 41.50342719423312], [9.000028255953024, 41.497278024272326], [8.994792074305986, 41.48553818379133], [8.984360449503002, 41.47449591233319], [8.976461127622144, 41.48319034103884], [8.959460826000845, 41.4921318701574], [8.940487655060172, 41.49008879326534]]]}, "properties": {"code": "2A163", "nom": "Monacia-d'Aullène"}}, {"type": "Feature", "geometry": {"type": "Polygon", "coordinates": [[[9.469644054888134, 42.33447537696906], [9.478549087656274, 42.33717895332937], [9.497957744993398, 42.33168235454183], [9.5425381090168, 42.32862003174873], [9.553669918250188, 42.299227352748986], [9.540243691603074, 42.30007368509597], [9.523937406524686, 42.31550653755381], [9.5037805581358, 42.319236936857294], [9.489863083705256, 42.3166843592461], [9.476554889291743, 42.3233497409033], [9.469644054888134, 42.33447537696906]]]}, "properties": {"code": "2B087", "nom": "Cervione"}}, {"type": "Feature", "geometry": {"type": "Polygon", "coordinates": [[[9.22899113411561, 42.240614257034174], [9.232146696970663, 42.24985848061902], [9.248820763029865, 42.25067140081847], [9.252211845831514, 42.26617611355362], [9.262130771603497, 42.27448031122446], [9.281567229266313, 42.27709089799111], [9.298690899361405, 42.264625696534765], [9.282502333002586, 42.2557226556636], [9.27043443474397, 42.23494430741577], [9.257762684362342, 42.22682211241764], [9.245191217809841, 42.22802313953278], [9.22899113411561, 42.240614257034174]]]}, "properties": {"code": "2B105", "nom": "Erbajolo"}}, {"type": "Feature", "geometry": {"type": "Polygon", "coordinates": [[[9.429941771045044, 42.35496732417966], [9.445056579914823, 42.34043433445733], [9.412337649792494, 42.33536321799757], [9.410385093300834, 42.355905816779455], [9.429941771045044, 42.35496732417966]]]}, "properties": {"code": "2B111", "nom": "Felce"}}, {"type": "Feature", "geometry": {"type": "Polygon", "coordinates": [[[9.313321260502745, 42.257237543661944], [9.311423362972864, 42.24447605256544], [9.27904957955868, 42.240844354978954], [9.268678825624127, 42.22800729212017], [9.257762684362342, 42.22682211241764], [9.27043443474397, 42.23494430741577], [9.282502333002586, 42.2557226556636], [9.298690899361405, 42.264625696534765], [9.313321260502745, 42.257237543661944]]]}, "properties": {"code": "2B116", "nom": "Focicchia"}}, {"type": "Feature", "geometry": {"type": "Polygon", "coordinates": [[[9.17647597421064, 42.45929931445594], [9.19832608658688, 42.45728053671077], [9.201513500729977, 42.44499454848053], [9.209121343909864, 42.43319897907979], [9.202770585485254, 42.427384212898744], [9.163958790455203, 42.441667917343345], [9.149890634395852, 42.45198501185019], [9.165425388889478, 42.46361877009135], [9.17647597421064, 42.45929931445594]]]}, "properties": {"code": "2B220", "nom": "Piedigriggio"}}, {"type": "Feature", "geometry": {"type": "Polygon", "coordinates": [[[9.385070211215341, 42.834808776154276], [9.407907514522119, 42.83048508829381], [9.487021839402459, 42.82688357930982], [9.4914579279192, 42.7975263354806], [9.469403045646288, 42.80146064347568], [9.416430813489693, 42.795628816733895], [9.406850397305085, 42.80455239964033], [9.407414810743003, 42.813323695920005], [9.385349703832562, 42.82743951057289], [9.385070211215341, 42.834808776154276]]]}, "properties": {"code": "2B281", "nom": "Sisco"}}, {"type": "Feature", "geometry": {"type": "Polygon", "coordinates": [[[9.23610595555728, 41.87542711238806], [9.257566547863739, 41.884834124243476], [9.27309937459944, 41.8953650631859], [9.286192369450113, 41.90897752570012], [9.311560703222897, 41.921431739667945], [9.316267578442092, 41.92525972839891], [9.341574086792754, 41.91931649170566], [9.36702444187952, 41.91987453393284], [9.408977140479866, 41.906617482010894], [9.402060356141662, 41.8971592881275], [9.397017056900047, 41.87461789997752], [9.40226832441199, 41.858698242272276], [9.386685166420161, 41.86719163625184], [9.37190803582647, 41.86500821735677], [9.344828034297286, 41.84526308028251], [9.329467866784265, 41.836776298299476], [9.309095237783188, 41.832145235940885], [9.301434820029463, 41.84490426472732], [9.270702639104186, 41.840591858357556], [9.260501637837264, 41.845181320623105], [9.236915461534869, 41.84652580746613], [9.22749739090474, 41.85558903234784], [9.23610595555728, 41.87542711238806]]]}, "properties": {"code": "2B283", "nom": "Solaro"}}, {"type": "Feature", "geometry": {"type": "Polygon", "coordinates": [[[9.482133852204658, 42.35547457604978], [9.479853830905412, 42.35245729612504], [9.453005894366646, 42.36663587526174], [9.43260814328045, 42.364058226944984], [9.43802788993141, 42.3748401279013], [9.461434440014926, 42.38951710842443], [9.487882558633354, 42.38951118426456], [9.488746074398325, 42.38907066413588], [9.487178670568168, 42.373645358650386], [9.482133852204658, 42.35547457604978]]]}, "properties": {"code": "2B302", "nom": "San-Giovanni-di-Moriani"}}, {"type": "Feature", "geometry": {"type": "Polygon", "coordinates": [[[8.947367025394348, 42.08972876159809], [8.933694322663554, 42.085873864274646], [8.92303087112872, 42.09180566027375], [8.91983794690709, 42.10477057108802], [8.910766937864068, 42.10630242497334], [8.920609855241233, 42.12165886023434], [8.913317707615725, 42.14262056447816], [8.916684086127406, 42.14478445338052], [8.939523788216436, 42.148876753224535], [8.928958852322193, 42.13720437533354], [8.930560489860818, 42.1257426013865], [8.947180684553421, 42.10365214954874], [8.955751375385212, 42.10094444527306], [8.956346352401514, 42.09273795106174], [8.947367025394348, 42.08972876159809]]]}, "properties": {"code": "2A027", "nom": "Azzana"}}, {"type": "Feature", "geometry": {"type": "Polygon", "coordinates": [[[8.914044578165754, 41.63371772688955], [8.922751912991423, 41.62585147271434], [8.91444593193738, 41.610295061486575], [8.901110397991248, 41.60503321220068], [8.890881075111546, 41.60767425725205], [8.896644305948842, 41.620773290254846], [8.886649603400794, 41.6265840491782], [8.896207306978415, 41.63817849333678], [8.914044578165754, 41.63371772688955]]]}, "properties": {"code": "2A038", "nom": "Bilia"}}, {"type": "Feature", "geometry": {"type": "Polygon", "coordinates": [[[8.95785174474609, 41.84691254450285], [8.960479055349687, 41.85525903564493], [8.975378436863226, 41.86030723973941], [8.974367278059864, 41.86970665591106], [8.98939092935356, 41.85862021391589], [8.964610202333665, 41.83690928691913], [8.95785174474609, 41.84691254450285]]]}, "properties": {"code": "2A064", "nom": "Cardo-Torgia"}}, {"type": "Feature", "geometry": {"type": "Polygon", "coordinates": [[[9.056037857744705, 41.72091674143378], [9.049496096584111, 41.7118709772027], [9.041620950081713, 41.71033294452535], [9.045987085638082, 41.72209843354045], [9.025415367825467, 41.71856777037506], [9.018155312312382, 41.72282963769547], [9.035964503594963, 41.75013917433445], [9.050726594675577, 41.7476970019979], [9.057130315438966, 41.740941793448286], [9.056037857744705, 41.72091674143378]]]}, "properties": {"code": "2A066", "nom": "Cargiaca"}}, {"type": "Feature", "geometry": {"type": "Polygon", "coordinates": [[[9.039133404287227, 41.68894776993274], [9.028194721000284, 41.67207444218567], [9.020882836721881, 41.669521195486766], [9.015670853256594, 41.67484555282969], [9.032922767824374, 41.695321276288226], [9.020396485838756, 41.7091990573756], [9.025415367825467, 41.71856777037506], [9.045987085638082, 41.72209843354045], [9.041620950081713, 41.71033294452535], [9.039133404287227, 41.68894776993274]]]}, "properties": {"code": "2A146", "nom": "Loreto-di-Tallano"}}, {"type": "Feature", "geometry": {"type": "Polygon", "coordinates": [[[9.351246946084556, 41.63956720717261], [9.338141652513775, 41.66833401848101], [9.342210330625862, 41.684072278183294], [9.320386698005054, 41.69937932311339], [9.306836399396037, 41.69565203933175], [9.293456309889462, 41.7011750005427], [9.276367632470722, 41.69863766709401], [9.24381593093492, 41.6825122106763], [9.202982749357405, 41.69547013884875], [9.191293863359837, 41.706654499833654], [9.169298158709069, 41.71855063255351], [9.1664672728288, 41.73208593590249], [9.148800201062388, 41.74005689181924], [9.136941765985497, 41.73845197431108], [9.16576969223425, 41.764325713250955], [9.189430167332082, 41.77352331058695], [9.212588254817659, 41.78747604618636], [9.225539061892823, 41.791666676233326], [9.234145558404345, 41.78196702147216], [9.231709999641714, 41.77452469342126], [9.246756830702429, 41.76635262092058], [9.308309913443665, 41.74939961468645], [9.315501714092305, 41.74340868821625], [9.310709122252819, 41.72120646546492], [9.304956708936295, 41.713739696253306], [9.317364591784454, 41.70810251696805], [9.34737561973134, 41.702051259678036], [9.365528153831558, 41.70816219937264], [9.3677512855209, 41.72069207439242], [9.37950803115568, 41.72458860662412], [9.40137788652635, 41.71773597060919], [9.399816891537837, 41.692798815395356], [9.381085376272317, 41.6879995994352], [9.372306452198895, 41.67882801196141], [9.3867990309586, 41.66013485456259], [9.370050242610121, 41.63650941542051], [9.351246946084556, 41.63956720717261]]]}, "properties": {"code": "2A362", "nom": "Zonza"}}, {"type": "Feature", "geometry": {"type": "Polygon", "coordinates": [[[9.098218397816728, 42.33568798550624], [9.093242118047577, 42.32338030290891], [9.084780564623605, 42.30848705931228], [9.075871268865463, 42.31379282920916], [9.060712856122391, 42.32632342432765], [9.042286245632807, 42.33456659860337], [9.025096182285617, 42.352615667948974], [9.017949264621688, 42.357680989183066], [9.017999838403018, 42.37198363064556], [8.97841246652822, 42.39153361713159], [8.989054533837153, 42.401751739537836], [9.0067224795786, 42.396031623146925], [9.047467969186718, 42.40052800483708], [9.059540476194, 42.41255174967524], [9.073391950007643, 42.41729690842489], [9.087726123540655, 42.401557232173424], [9.093541616021344, 42.3881611997285], [9.112127649467615, 42.3876170756126], [9.104952806365779, 42.372956128565306], [9.090556184650287, 42.36255863633883], [9.085210049343248, 42.34728755577792], [9.098218397816728, 42.33568798550624]]]}, "properties": {"code": "2B095", "nom": "Corscia"}}, {"type": "Feature", "geometry": {"type": "Polygon", "coordinates": [[[9.274476986548425, 42.30222259487542], [9.280297153472015, 42.29545908241778], [9.260795835583089, 42.28946180102084], [9.246025403090535, 42.27462725924654], [9.235664062130533, 42.276616036228035], [9.22262461160567, 42.28927260728988], [9.228785553897552, 42.29559157617714], [9.246616859167275, 42.290630890635086], [9.274476986548425, 42.30222259487542]]]}, "properties": {"code": "2B110", "nom": "Favalello"}}, {"type": "Feature", "geometry": {"type": "Polygon", "coordinates": [[[9.366945182715233, 42.04875500838042], [9.360639319764687, 42.047426431892895], [9.337807185354455, 42.05880779600037], [9.316597723149478, 42.060554728829146], [9.275543227909413, 42.07638442367271], [9.278409270264337, 42.09164363010774], [9.288019858395689, 42.09617697201522], [9.311255951046125, 42.09584167378428], [9.328157013736059, 42.09160229623984], [9.340947159580004, 42.0932612900561], [9.358813620095372, 42.08434621093929], [9.359470546359203, 42.07265103829567], [9.367734707528648, 42.063342158300415], [9.366945182715233, 42.04875500838042]]]}, "properties": {"code": "2B149", "nom": "Lugo-di-Nazza"}}, {"type": "Feature", "geometry": {"type": "Polygon", "coordinates": [[[9.24381593093492, 41.6825122106763], [9.278860926655126, 41.692803711767354], [9.296780943697318, 41.67755964540887], [9.313523162992194, 41.656211497564094], [9.322354811063429, 41.65409472725267], [9.290554293260888, 41.64086807008885], [9.279192914572011, 41.63148480879829], [9.247716267361561, 41.65666767608171], [9.2354246193831, 41.66324458549886], [9.220673664806185, 41.661209017216706], [9.213272158265662, 41.67844826307728], [9.197114921976716, 41.68674425277765], [9.189330821164447, 41.683338101980496], [9.16479226598249, 41.700617118419764], [9.155958904071198, 41.700287831572325], [9.142377758821656, 41.71168960745448], [9.136798935787983, 41.73823508444139], [9.136941765985497, 41.73845197431108], [9.148800201062388, 41.74005689181924], [9.1664672728288, 41.73208593590249], [9.169298158709069, 41.71855063255351], [9.191293863359837, 41.706654499833654], [9.202982749357405, 41.69547013884875], [9.24381593093492, 41.6825122106763]]]}, "properties": {"code": "2A300", "nom": "San-Gavino-di-Carbini"}}, {"type": "Feature", "geometry": {"type": "Polygon", "coordinates": [[[9.036296728515774, 41.85312491038235], [9.033140223787466, 41.857603005923536], [9.029656700786258, 41.887740376239215], [9.031744195929273, 41.894936776559916], [9.049964991688448, 41.90890362220572], [9.06281664149722, 41.924771471072965], [9.059529250529062, 41.90549856138373], [9.057770046675584, 41.89121534241061], [9.049174044462147, 41.87737886428363], [9.047067292153377, 41.86026460480883], [9.036296728515774, 41.85312491038235]]]}, "properties": {"code": "2A358", "nom": "Zévaco"}}, {"type": "Feature", "geometry": {"type": "Polygon", "coordinates": [[[8.894917990336463, 42.5499673438838], [8.879529568072824, 42.55985899742359], [8.892448680456381, 42.56666418709013], [8.916324588272985, 42.5686686266306], [8.894917990336463, 42.5499673438838]]]}, "properties": {"code": "2B025", "nom": "Avapessa"}}, {"type": "Feature", "geometry": {"type": "Polygon", "coordinates": [[[9.00025382607399, 42.6417520690961], [9.017582182694975, 42.64256193210681], [9.02379868992589, 42.62852399010476], [9.016204978488705, 42.61117182753812], [9.026117293206001, 42.60268697130788], [9.030123468907025, 42.58692536816463], [9.041384576955165, 42.57503564613221], [9.0380361421995, 42.57333189051167], [9.019009972209455, 42.5759673700684], [9.004989346019501, 42.59190484641629], [8.998001186503439, 42.61362129628409], [9.00025382607399, 42.6417520690961]]]}, "properties": {"code": "2B034", "nom": "Belgodère"}}, {"type": "Feature", "geometry": {"type": "Polygon", "coordinates": [[[9.402078278095985, 42.33179816736528], [9.403136722007758, 42.33136463774787], [9.40737166485822, 42.324652769855774], [9.402822197413318, 42.31562144448348], [9.395775186604354, 42.29762444212839], [9.37912739199539, 42.299555105790716], [9.380513300238317, 42.306748397727496], [9.368112855208711, 42.31586066731834], [9.402078278095985, 42.33179816736528]]]}, "properties": {"code": "2B208", "nom": "Perelli"}}, {"type": "Feature", "geometry": {"type": "Polygon", "coordinates": [[[9.36662824394652, 42.03467598648343], [9.37971840005692, 42.01693112155938], [9.413788928118661, 42.00746766310095], [9.441408505383555, 41.98962434995596], [9.439854477337848, 41.98768189882741], [9.419494561738556, 41.97494975779125], [9.39971934167014, 41.975717542113976], [9.384819651845282, 41.984118929979246], [9.3737947721286, 41.999765678212334], [9.349397666015204, 41.99496155394259], [9.323555415991017, 41.995998067117505], [9.312006150723095, 42.00107827073549], [9.309485231322098, 42.01564108966484], [9.316532120526798, 42.03554551559672], [9.336364588440977, 42.03916275922429], [9.36662824394652, 42.03467598648343]]]}, "properties": {"code": "2B251", "nom": "Prunelli-di-Fiumorbo"}}, {"type": "Feature", "geometry": {"type": "Polygon", "coordinates": [[[9.404701631834195, 42.70502005531282], [9.406777222531192, 42.719852075615094], [9.396514442568778, 42.727755721299424], [9.429411083296866, 42.72521778825841], [9.456258423345421, 42.71758637674868], [9.45450939111401, 42.70812050750324], [9.438524377412884, 42.706044993117644], [9.418773341492612, 42.708451361694635], [9.404701631834195, 42.70502005531282]]]}, "properties": {"code": "2B353", "nom": "Ville-di-Pietrabugno"}}, {"type": "Feature", "geometry": {"type": "Polygon", "coordinates": [[[8.965814503747605, 42.53086813909634], [8.945832737576595, 42.54140576261843], [8.943250790576121, 42.563727299247056], [8.951721523908788, 42.57227023020375], [8.963085088022433, 42.54732058446164], [8.973677427827635, 42.53777514397901], [8.965814503747605, 42.53086813909634]]]}, "properties": {"code": "2B175", "nom": "Nessa"}}, {"type": "Feature", "geometry": {"type": "Polygon", "coordinates": [[[9.331116926448962, 42.25547356623981], [9.338552474574623, 42.250728838818276], [9.338862568242282, 42.235437388261666], [9.34746695810413, 42.21766637780008], [9.343468357991858, 42.19844108719031], [9.354954648804942, 42.194119575303915], [9.329363052508711, 42.17640379227553], [9.316644081036742, 42.180516585950784], [9.296509499305646, 42.191325131306385], [9.291795163630026, 42.199240873029886], [9.292997659030764, 42.2089688723572], [9.306069112428295, 42.217973539151565], [9.311423362972864, 42.24447605256544], [9.313321260502745, 42.257237543661944], [9.331116926448962, 42.25547356623981]]]}, "properties": {"code": "2B218", "nom": "Piedicorte-di-Gaggio"}}, {"type": "Feature", "geometry": {"type": "Polygon", "coordinates": [[[9.375215930399257, 42.43818957641242], [9.373071952774115, 42.43371885456521], [9.32682335026325, 42.41697490580131], [9.326398962939924, 42.435071244994155], [9.356839032725578, 42.43143479564391], [9.373164560010984, 42.43835759267505], [9.375215930399257, 42.43818957641242]]]}, "properties": {"code": "2B255", "nom": "Quercitello"}}, {"type": "Feature", "geometry": {"type": "Polygon", "coordinates": [[[8.79630546613279, 42.02359479482515], [8.777920749315596, 42.01958337930406], [8.744617801370467, 42.01869142263232], [8.731516035300903, 42.023406850555716], [8.703866481697466, 42.01884881900422], [8.674374246417552, 42.00653698160342], [8.656559105024488, 42.00401502169866], [8.669277210818606, 42.01855663578071], [8.690327101285488, 42.02759395836374], [8.702100729051129, 42.02667306302128], [8.741332481964943, 42.04090929509705], [8.743399016869057, 42.05722902521571], [8.773507699546887, 42.045684359401065], [8.805738770929965, 42.02821226712075], [8.79630546613279, 42.02359479482515]]]}, "properties": {"code": "2A048", "nom": "Calcatoggio"}}, {"type": "Feature", "geometry": {"type": "Polygon", "coordinates": [[[8.929800251811981, 41.934157889781545], [8.950219831850754, 41.93098165089529], [8.95065287704067, 41.92106510603901], [8.921024574451089, 41.91858752467319], [8.895429151072353, 41.92033584555587], [8.874852799173876, 41.916303422143045], [8.847912120802183, 41.903774056296506], [8.837543460791665, 41.91181593952944], [8.86369265477996, 41.92625687902264], [8.876645339732272, 41.931662319343104], [8.889831447258999, 41.92936882548009], [8.903682201699498, 41.937558842608944], [8.917057260945775, 41.9324585883751], [8.929800251811981, 41.934157889781545]]]}, "properties": {"code": "2A104", "nom": "Eccica-Suarella"}}, {"type": "Feature", "geometry": {"type": "Polygon", "coordinates": [[[8.883657975165479, 42.177189874700204], [8.879557750699323, 42.178102313767866], [8.857836381382132, 42.17992706747235], [8.842121830460785, 42.17614496542818], [8.819987679145573, 42.17661508040826], [8.81738040877312, 42.19148176695964], [8.838205260569513, 42.19630198994899], [8.84563877572616, 42.20364185671994], [8.848500484697322, 42.21968625041369], [8.862617686311859, 42.22471004869897], [8.881771637850031, 42.24714306305343], [8.904766989145307, 42.253859280700944], [8.926624311147608, 42.25419059779352], [8.940113760101195, 42.23720488399632], [8.932872950104949, 42.23193248574043], [8.905352367600232, 42.22610574097357], [8.891739151228181, 42.21986984504136], [8.882287759875314, 42.1918306245552], [8.883657975165479, 42.177189874700204]]]}, "properties": {"code": "2A141", "nom": "Letia"}}, {"type": "Feature", "geometry": {"type": "Polygon", "coordinates": [[[9.003014811893394, 42.11277348928845], [8.982598827787708, 42.1118387405323], [8.963508034181727, 42.12464878921851], [8.952916263513332, 42.15113469493752], [8.9593195038176, 42.15134233406184], [9.013452915217062, 42.170461423552254], [9.048122523682633, 42.175706872488696], [9.064131426559902, 42.166950715680095], [9.076538177394616, 42.13692166836476], [9.072032239969552, 42.130006288089604], [9.056414740758267, 42.12391638195049], [9.037056119563989, 42.1267253977188], [9.007013189149056, 42.116836193078214], [9.003014811893394, 42.11277348928845]]]}, "properties": {"code": "2A204", "nom": "Pastricciola"}}, {"type": "Feature", "geometry": {"type": "Polygon", "coordinates": [[[9.416285190054763, 42.605226968003116], [9.397263125406713, 42.6046829056094], [9.363096066954661, 42.59213332395174], [9.349794684088968, 42.60392069535254], [9.334827027169858, 42.608301159282924], [9.323239707247927, 42.616952607387056], [9.311625093665532, 42.61806428483543], [9.301527499982788, 42.62676029801299], [9.349882695011015, 42.625544038046954], [9.371300040416374, 42.61913502748239], [9.398234559171714, 42.62051761574615], [9.421412155550737, 42.61019512408784], [9.416285190054763, 42.605226968003116]]]}, "properties": {"code": "2B188", "nom": "Olmeta-di-Tuda"}}, {"type": "Feature", "geometry": {"type": "Polygon", "coordinates": [[[8.822208566675618, 41.959794271112436], [8.859554154945885, 41.9572691563901], [8.87203207547727, 41.95386433360017], [8.853780166561709, 41.938662268596545], [8.86369265477996, 41.92625687902264], [8.837543460791665, 41.91181593952944], [8.81916654740057, 41.90720100259471], [8.802319503920499, 41.90767838390276], [8.820501861262969, 41.92009885166392], [8.81548495401454, 41.93731967041708], [8.817646974201386, 41.95137958448538], [8.822208566675618, 41.959794271112436]]]}, "properties": {"code": "2A032", "nom": "Bastelicaccia"}}, {"type": "Feature", "geometry": {"type": "Polygon", "coordinates": [[[8.858710504493105, 41.62345428861361], [8.86846984536309, 41.6198477372151], [8.886649603400794, 41.6265840491782], [8.896644305948842, 41.620773290254846], [8.890881075111546, 41.60767425725205], [8.901110397991248, 41.60503321220068], [8.898111614993352, 41.596376572597954], [8.867828022992699, 41.58604285122158], [8.849147959437273, 41.58398319357687], [8.814283737787155, 41.587581213819114], [8.83924884503761, 41.60064806120015], [8.858710504493105, 41.62345428861361]]]}, "properties": {"code": "2A129", "nom": "Grossa"}}, {"type": "Feature", "geometry": {"type": "Polygon", "coordinates": [[[9.344470040915418, 42.32828560009553], [9.341048218607085, 42.32586612844905], [9.327268968208246, 42.32418149358078], [9.306054781033021, 42.31224361209541], [9.29272441459348, 42.310510080824315], [9.277495213613863, 42.3192556448148], [9.281256096448088, 42.33515413240666], [9.312519997351577, 42.33768609719082], [9.326968832610742, 42.335668512087594], [9.340236164224903, 42.34168495625879], [9.344162249544029, 42.33922334534562], [9.347158528783885, 42.32943236687371], [9.344470040915418, 42.32828560009553]]]}, "properties": {"code": "2B045", "nom": "Bustanico"}}, {"type": "Feature", "geometry": {"type": "Polygon", "coordinates": [[[9.209452450227666, 42.594570347990505], [9.210229397660898, 42.58594905003099], [9.212276573557448, 42.579057374210315], [9.17218435045169, 42.5614751656328], [9.157462267253639, 42.5597521620857], [9.13381818264853, 42.569893394288414], [9.12643168664289, 42.588162926697926], [9.134835288778351, 42.60758108435184], [9.139931213359043, 42.59594400734127], [9.165820229689128, 42.59066313226685], [9.209452450227666, 42.594570347990505]]]}, "properties": {"code": "2B136", "nom": "Lama"}}, {"type": "Feature", "geometry": {"type": "Polygon", "coordinates": [[[9.421186142542423, 42.28878614424826], [9.431490145964776, 42.28187716332537], [9.41084963374087, 42.27081824873753], [9.404217499614576, 42.26268901085066], [9.397048917762158, 42.26607002319607], [9.40115826087292, 42.289211698572366], [9.395775186604354, 42.29762444212839], [9.411792782350604, 42.295602948118564], [9.421186142542423, 42.28878614424826]]]}, "properties": {"code": "2B161", "nom": "Moïta"}}, {"type": "Feature", "geometry": {"type": "Polygon", "coordinates": [[[8.879529568072824, 42.55985899742359], [8.894917990336463, 42.5499673438838], [8.907250744675007, 42.53824139771865], [8.869619164917347, 42.525032027809445], [8.857918340185462, 42.523440380613344], [8.835191164492485, 42.53330489046679], [8.815314126597965, 42.53698739352969], [8.805562414608662, 42.54309867580849], [8.810086380077301, 42.55326343972797], [8.820693959787514, 42.55131464034891], [8.850068590869121, 42.56495920527621], [8.877077565493734, 42.56045394314751], [8.879529568072824, 42.55985899742359]]]}, "properties": {"code": "2B167", "nom": "Montegrosso"}}, {"type": "Feature", "geometry": {"type": "Polygon", "coordinates": [[[9.388048189214066, 42.39147315064761], [9.388538150884663, 42.38994675568489], [9.37545142502585, 42.388856865426874], [9.370675400904933, 42.37283960180099], [9.361583372910102, 42.37109390604535], [9.360589006888933, 42.369891010376854], [9.344626327837043, 42.38246853577273], [9.350316469575091, 42.383120596707556], [9.364496347680147, 42.38789928189599], [9.38528895458796, 42.3990605667453], [9.385465998720694, 42.39945573344072], [9.389069025902575, 42.397913624660724], [9.388048189214066, 42.39147315064761]]]}, "properties": {"code": "2B219", "nom": "Piedicroce"}}, {"type": "Feature", "geometry": {"type": "Polygon", "coordinates": [[[9.282415595615019, 42.596574055009675], [9.297488144610726, 42.61403847977732], [9.284482641299212, 42.633023613471785], [9.264397151103912, 42.65226039376769], [9.281142984422573, 42.65209708915525], [9.292086209188874, 42.630483135633284], [9.308587543500387, 42.60998250490095], [9.29512546747443, 42.594904678423745], [9.294089321926421, 42.58498213808583], [9.301755832175937, 42.574175886044415], [9.293727765783014, 42.56300723146144], [9.29439527181283, 42.55191124472798], [9.289590548489407, 42.54920985356297], [9.263871432199313, 42.55140100480624], [9.259945145565633, 42.55515776161316], [9.234853647155761, 42.5548069096447], [9.228745792291983, 42.54913114654012], [9.219514465435086, 42.56033823031929], [9.250423716093712, 42.561911950865195], [9.281829480346964, 42.57971680039797], [9.282415595615019, 42.596574055009675]]]}, "properties": {"code": "2B230", "nom": "Piève"}}, {"type": "Feature", "geometry": {"type": "Polygon", "coordinates": [[[9.367288350577308, 42.39599215065318], [9.339388626000941, 42.40212323213002], [9.359312615567367, 42.405424046237975], [9.385465998720694, 42.39945573344072], [9.38528895458796, 42.3990605667453], [9.367288350577308, 42.39599215065318]]]}, "properties": {"code": "2B243", "nom": "Polveroso"}}, {"type": "Feature", "geometry": {"type": "Polygon", "coordinates": [[[9.479906627744988, 42.34174947559195], [9.478549087656274, 42.33717895332937], [9.469644054888134, 42.33447537696906], [9.458162862914012, 42.33880847184749], [9.445056579914823, 42.34043433445733], [9.429941771045044, 42.35496732417966], [9.43260814328045, 42.364058226944984], [9.453005894366646, 42.36663587526174], [9.479853830905412, 42.35245729612504], [9.479906627744988, 42.34174947559195]]]}, "properties": {"code": "2B317", "nom": "Santa-Reparata-di-Moriani"}}, {"type": "Feature", "geometry": {"type": "Polygon", "coordinates": [[[9.420988529656267, 42.938113785530156], [9.427937224778958, 42.93588389066477], [9.469239446285252, 42.9364678522327], [9.469036245492854, 42.90508876257289], [9.474493196555752, 42.90010336689736], [9.449732757511583, 42.89729258095962], [9.431929777562807, 42.90229871084952], [9.39034818294614, 42.920969867667395], [9.402340825687956, 42.93838963823627], [9.420988529656267, 42.938113785530156]]]}, "properties": {"code": "2B159", "nom": "Meria"}}, {"type": "Feature", "geometry": {"type": "Polygon", "coordinates": [[[9.388538150884663, 42.38994675568489], [9.388048189214066, 42.39147315064761], [9.402545610108184, 42.391439522530185], [9.42029196718169, 42.38510251611114], [9.426485227934846, 42.372734261497605], [9.40194523489862, 42.37308839164076], [9.393525030931983, 42.37293707513502], [9.386744962259181, 42.388566597087454], [9.388538150884663, 42.38994675568489]]]}, "properties": {"code": "2B164", "nom": "Monacia-d'Orezza"}}, {"type": "Feature", "geometry": {"type": "Polygon", "coordinates": [[[9.311625093665532, 42.61806428483543], [9.32132357569925, 42.60740666202866], [9.315598211525137, 42.59931303155223], [9.311618516712377, 42.582705887224165], [9.301755832175937, 42.574175886044415], [9.294089321926421, 42.58498213808583], [9.29512546747443, 42.594904678423745], [9.308587543500387, 42.60998250490095], [9.292086209188874, 42.630483135633284], [9.281142984422573, 42.65209708915525], [9.264397151103912, 42.65226039376769], [9.26580682494839, 42.6667073419367], [9.283021652726282, 42.66247583835485], [9.288826361925995, 42.645863421086354], [9.295890150291108, 42.64227223186463], [9.301527499982788, 42.62676029801299], [9.311625093665532, 42.61806428483543]]]}, "properties": {"code": "2B257", "nom": "Rapale"}}, {"type": "Feature", "geometry": {"type": "Polygon", "coordinates": [[[9.258857597539894, 42.3868956011423], [9.256987923290483, 42.39203690569866], [9.256190411200274, 42.40310213748825], [9.270937957220019, 42.40640809339811], [9.293509510037882, 42.39456965548379], [9.311533584612866, 42.39216649520196], [9.326709675850505, 42.396160648393526], [9.326845519787431, 42.39123818192792], [9.32492273804387, 42.37662767849662], [9.29574543449238, 42.380271753938516], [9.278968151586321, 42.37868551344898], [9.258857597539894, 42.3868956011423]]]}, "properties": {"code": "2B304", "nom": "San-Lorenzo"}}, {"type": "Feature", "geometry": {"type": "Polygon", "coordinates": [[[8.771293565923225, 41.8112395510742], [8.795890851078283, 41.806730177524756], [8.816473281606934, 41.797122676868945], [8.820955439453538, 41.79113329438854], [8.823552821916188, 41.78940453053179], [8.815263839400531, 41.77832514298554], [8.8002230738839, 41.771589373614255], [8.789929078885052, 41.75894393408459], [8.784014243659938, 41.73534944069074], [8.77244949030242, 41.74151395397478], [8.721540704721875, 41.724158153889434], [8.70302812367195, 41.72600966705718], [8.707211387752833, 41.735238352768356], [8.686037575634304, 41.748045833798216], [8.713140775389308, 41.760833711858524], [8.73027484000819, 41.77681964633583], [8.727023867472994, 41.78565556878936], [8.709246382404224, 41.7994044536025], [8.740529436991956, 41.80060427690545], [8.748259608508196, 41.81082359831604], [8.771293565923225, 41.8112395510742]]]}, "properties": {"code": "2A098", "nom": "Coti-Chiavari"}}, {"type": "Feature", "geometry": {"type": "Polygon", "coordinates": [[[9.396644187291376, 41.77372271722085], [9.379754296988049, 41.76548411316909], [9.360167074056443, 41.76455204493701], [9.35207499172041, 41.7781519933729], [9.334245745834165, 41.78566029562717], [9.31176651277891, 41.78373942457631], [9.276929534750966, 41.79418414266499], [9.272434663049495, 41.8077338281029], [9.29387710394963, 41.818943900170005], [9.309095237783188, 41.832145235940885], [9.329467866784265, 41.836776298299476], [9.344828034297286, 41.84526308028251], [9.37190803582647, 41.86500821735677], [9.386685166420161, 41.86719163625184], [9.40226832441199, 41.858698242272276], [9.401315309201598, 41.84840591679131], [9.406272769840172, 41.82236027573807], [9.394129959534725, 41.79894602702587], [9.399195867432766, 41.790140114747636], [9.396644187291376, 41.77372271722085]]]}, "properties": {"code": "2A269", "nom": "Sari-Solenzara"}}, {"type": "Feature", "geometry": {"type": "Polygon", "coordinates": [[[9.375215930399257, 42.43818957641242], [9.373164560010984, 42.43835759267505], [9.360112768267893, 42.4432689950465], [9.357678654299676, 42.45154872498665], [9.36487270344764, 42.45598838113246], [9.38608304609269, 42.4509387970087], [9.391531691613885, 42.4494302056933], [9.384066953971654, 42.44152752417387], [9.375215930399257, 42.43818957641242]]]}, "properties": {"code": "2B069", "nom": "Casabianca"}}, {"type": "Feature", "geometry": {"type": "Polygon", "coordinates": [[[9.147312596022337, 42.422426270288184], [9.13689175668568, 42.42643601395878], [9.107061546600287, 42.43012724590519], [9.101587884401141, 42.43993474110596], [9.119684792163286, 42.442113979264775], [9.123175364737406, 42.44846767682026], [9.149890634395852, 42.45198501185019], [9.163958790455203, 42.441667917343345], [9.155859036205765, 42.42534900957058], [9.147312596022337, 42.422426270288184]]]}, "properties": {"code": "2B244", "nom": "Popolasca"}}, {"type": "Feature", "geometry": {"type": "Polygon", "coordinates": [[[9.098218397816728, 42.33568798550624], [9.116793198449564, 42.34994512869787], [9.145491300856563, 42.35298580619331], [9.147920468129238, 42.36140524854826], [9.165966890998307, 42.37114658971411], [9.193275870944749, 42.35796434224634], [9.175833224805336, 42.347620158222554], [9.158089976717209, 42.3468200835817], [9.153933627958542, 42.33989387351649], [9.145434848722417, 42.344009982058495], [9.113093015789357, 42.3375734166516], [9.109322345083223, 42.329163303347116], [9.093242118047577, 42.32338030290891], [9.098218397816728, 42.33568798550624]]]}, "properties": {"code": "2B289", "nom": "Soveria"}}, {"type": "Feature", "geometry": {"type": "Polygon", "coordinates": [[[9.416285190054763, 42.605226968003116], [9.421412155550737, 42.61019512408784], [9.398234559171714, 42.62051761574615], [9.394522285180614, 42.63474817677258], [9.417898220150692, 42.63967698492693], [9.434601281730826, 42.63599206681834], [9.462847262386196, 42.63923735593105], [9.485803353485135, 42.61336212793189], [9.466755457209052, 42.598011232885376], [9.41484666490278, 42.586525127583776], [9.416285190054763, 42.605226968003116]]]}, "properties": {"code": "2B037", "nom": "Biguglia"}}, {"type": "Feature", "geometry": {"type": "Polygon", "coordinates": [[[9.366742347539894, 42.55537882976834], [9.37512875167554, 42.55598684018164], [9.374606177396029, 42.536329520149344], [9.391287777863406, 42.52202699683515], [9.35951937082414, 42.52609294261704], [9.346047023646861, 42.54502396262538], [9.343628745854954, 42.55014632036066], [9.366742347539894, 42.55537882976834]]]}, "properties": {"code": "2B274", "nom": "Scolca"}}, {"type": "Feature", "geometry": {"type": "Polygon", "coordinates": [[[9.467700617417448, 42.29988425861903], [9.455208729179706, 42.307326803741795], [9.456077324982713, 42.31607518888144], [9.458162862914012, 42.33880847184749], [9.469644054888134, 42.33447537696906], [9.476554889291743, 42.3233497409033], [9.489863083705256, 42.3166843592461], [9.49846495720285, 42.299619119528], [9.467700617417448, 42.29988425861903]]]}, "properties": {"code": "2B293", "nom": "Sant'Andréa-di-Cotone"}}, {"type": "Feature", "geometry": {"type": "Polygon", "coordinates": [[[9.35704574003108, 42.2622265504736], [9.358277108095084, 42.27233215161241], [9.37800529057769, 42.27311353737677], [9.397048917762158, 42.26607002319607], [9.404217499614576, 42.26268901085066], [9.409640749672775, 42.25412919275208], [9.410912403111848, 42.24922842911301], [9.384733823168204, 42.233081699234646], [9.381679047084004, 42.23399592794337], [9.361101920707032, 42.23968639491203], [9.360162745544251, 42.24489091319973], [9.368143980028897, 42.25361747731514], [9.35704574003108, 42.2622265504736]]]}, "properties": {"code": "2B356", "nom": "Zalana"}}, {"type": "Feature", "geometry": {"type": "Polygon", "coordinates": [[[8.883657975165479, 42.177189874700204], [8.882287759875314, 42.1918306245552], [8.891739151228181, 42.21986984504136], [8.905352367600232, 42.22610574097357], [8.932872950104949, 42.23193248574043], [8.940113760101195, 42.23720488399632], [8.973044637723564, 42.232597522891176], [8.979793816265778, 42.223988723347084], [8.952911604343816, 42.21146026762719], [8.924492294160137, 42.194037260079895], [8.918847392445278, 42.18050179207331], [8.906837151069466, 42.181910893295786], [8.883657975165479, 42.177189874700204]]]}, "properties": {"code": "2A282", "nom": "Soccia"}}, {"type": "Feature", "geometry": {"type": "Polygon", "coordinates": [[[9.21946674774627, 42.44404575437327], [9.225404752316365, 42.43656030198723], [9.249184168371412, 42.43097010063378], [9.25972565400781, 42.42200961916272], [9.28938253250189, 42.42131340377605], [9.324162734922115, 42.404995816408864], [9.325870189585338, 42.40222511770805], [9.278581113999948, 42.40978691724022], [9.248348003033872, 42.4188375409668], [9.209121343909864, 42.43319897907979], [9.201513500729977, 42.44499454848053], [9.21946674774627, 42.44404575437327]]]}, "properties": {"code": "2B122", "nom": "Gavignano"}}, {"type": "Feature", "geometry": {"type": "Polygon", "coordinates": [[[9.297321562273341, 41.985938555457466], [9.280860655846919, 41.979762645937925], [9.25334816768689, 41.95645367974302], [9.230642296100608, 41.93262148856424], [9.21732174702759, 41.94007576668572], [9.222671306793305, 41.94945721103496], [9.223712116761607, 41.967509915082104], [9.22024262718855, 41.98962290545048], [9.239446864497108, 41.990044842206856], [9.253686929318562, 41.99762495698158], [9.28282289987655, 41.99450803871803], [9.297321562273341, 41.985938555457466]]]}, "properties": {"code": "2B365", "nom": "San-Gavino-di-Fiumorbo"}}, {"type": "Feature", "geometry": {"type": "Polygon", "coordinates": [[[8.784625924023654, 41.95256319721317], [8.811549265828532, 41.947922886420535], [8.817646974201386, 41.95137958448538], [8.81548495401454, 41.93731967041708], [8.820501861262969, 41.92009885166392], [8.802319503920499, 41.90767838390276], [8.79766640735459, 41.905366953897406], [8.785818521131118, 41.92026746492735], [8.772645471077771, 41.92737526865383], [8.762851083152507, 41.9226950575382], [8.754903133430052, 41.932568679060026], [8.745105826893353, 41.93316539967746], [8.740124001713054, 41.92079895025009], [8.717470184551035, 41.90771623226959], [8.686856781173876, 41.90859589521744], [8.671249490634217, 41.90478838139739], [8.641446944349857, 41.90989391578259], [8.613429079275429, 41.9012604850547], [8.610308674791197, 41.913048918106846], [8.620496013158206, 41.92637893710498], [8.620771702529384, 41.93954309973393], [8.609002254638709, 41.94015549613285], [8.597700973843713, 41.953238265006725], [8.595889680225051, 41.96610113577606], [8.622870557471716, 41.97047772787279], [8.626506748093695, 41.96451259967261], [8.647623363902937, 41.96266307565795], [8.676854717625982, 41.94654927537327], [8.700561691769245, 41.953261543588276], [8.710632740019838, 41.946871554631954], [8.725731912405449, 41.959943565977824], [8.744689872797794, 41.96140918042068], [8.784316125350815, 41.955426730254715], [8.784625924023654, 41.95256319721317]]]}, "properties": {"code": "2A004", "nom": "Ajaccio"}}, {"type": "Feature", "geometry": {"type": "Polygon", "coordinates": [[[8.790250819984184, 42.05509789050727], [8.79348216291227, 42.05599303142763], [8.824242873253644, 42.052762910799686], [8.842222045151333, 42.04270760491412], [8.835116685807112, 42.03882947436937], [8.825550126703941, 42.03900562751659], [8.790250819984184, 42.05509789050727]]]}, "properties": {"code": "2A060", "nom": "Cannelle"}}, {"type": "Feature", "geometry": {"type": "Polygon", "coordinates": [[[9.086568734889157, 41.584844720546315], [9.095421403551903, 41.585537905045534], [9.11199660637074, 41.596066919165516], [9.133846826695672, 41.565924927362225], [9.15407263221727, 41.55231100031262], [9.164544184877695, 41.555844674614704], [9.174748670901577, 41.52798422339398], [9.165697930096146, 41.510242322872486], [9.19131278819672, 41.495195685556126], [9.164598329617682, 41.46663564860102], [9.140228831877568, 41.456539397648505], [9.138041996116643, 41.46651980539913], [9.12257002829199, 41.47471971942459], [9.099576872044954, 41.473647227258915], [9.088178778572079, 41.46001865354323], [9.095379942803975, 41.44960407836458], [9.08238080978792, 41.44189500528523], [9.066463704386564, 41.45042733353221], [9.070395954298831, 41.46688270242318], [9.079938955232784, 41.47749015234812], [9.073606840272733, 41.504738723975926], [9.082742239184343, 41.514196457297835], [9.062733085297923, 41.533925261537966], [9.068641573634933, 41.54608388130721], [9.094814498378556, 41.57126154306984], [9.086568734889157, 41.584844720546315]]]}, "properties": {"code": "2A114", "nom": "Figari"}}, {"type": "Feature", "geometry": {"type": "Polygon", "coordinates": [[[8.85733155647358, 41.7544674293415], [8.856724662454562, 41.743261061754055], [8.844280131797492, 41.737523120153455], [8.824197439904417, 41.7209749338676], [8.828466316025995, 41.71611846874428], [8.82542164511797, 41.70937962165142], [8.812716636350928, 41.71412605870484], [8.787960094560892, 41.708268652274676], [8.773461446990773, 41.71202596830552], [8.784014243659938, 41.73534944069074], [8.789929078885052, 41.75894393408459], [8.8002230738839, 41.771589373614255], [8.815263839400531, 41.77832514298554], [8.823552821916188, 41.78940453053179], [8.832390481799443, 41.7854298730953], [8.821571491648, 41.77457214312254], [8.824445173331966, 41.763218183532906], [8.83802419993971, 41.76191887907823], [8.85733155647358, 41.7544674293415]]]}, "properties": {"code": "2A276", "nom": "Serra-di-Ferro"}}, {"type": "Feature", "geometry": {"type": "Polygon", "coordinates": [[[9.429941771045044, 42.35496732417966], [9.410385093300834, 42.355905816779455], [9.392184001524887, 42.353900586351514], [9.381609193744458, 42.36494247454972], [9.393525030931983, 42.37293707513502], [9.40194523489862, 42.37308839164076], [9.429941771045044, 42.35496732417966]]]}, "properties": {"code": "2B338", "nom": "Valle-d'Orezza"}}, {"type": "Feature", "geometry": {"type": "Polygon", "coordinates": [[[8.660471055303635, 42.30234915964081], [8.637552743592009, 42.30185160188179], [8.62490287547782, 42.3121592221741], [8.607258723334159, 42.30653277416991], [8.597438934218651, 42.316051925086704], [8.621558266020314, 42.327509843838605], [8.628147801673522, 42.33869900536982], [8.614873875271428, 42.349587758831014], [8.59038224862291, 42.35235664185015], [8.562054289065225, 42.33282223020302], [8.551790417379964, 42.34737867747405], [8.556776042997228, 42.36149841125419], [8.544082213101682, 42.36972081333551], [8.578188831065368, 42.37428908485225], [8.573411068108614, 42.38140571205032], [8.586922907501375, 42.37895753591758], [8.594967598626758, 42.370442888773276], [8.61002239547964, 42.37359622508705], [8.640801666424288, 42.373436353833], [8.650412807593723, 42.36235593170432], [8.681978477481065, 42.358460918374824], [8.683479612022113, 42.34803124937012], [8.67003940796015, 42.33257446783236], [8.676210256371396, 42.32720782286107], [8.675467823431406, 42.3087932939714], [8.660471055303635, 42.30234915964081]]]}, "properties": {"code": "2A197", "nom": "Osani"}}, {"type": "Feature", "geometry": {"type": "Polygon", "coordinates": [[[8.928966679019583, 41.79535841690781], [8.916497202767056, 41.78036863837533], [8.87570353998602, 41.768412784015105], [8.868142586410316, 41.760494201481556], [8.861728494068213, 41.777424043024695], [8.872268415255759, 41.78104302194865], [8.888505392027083, 41.80844617993097], [8.897647808329076, 41.810537919303336], [8.913325854395563, 41.822684231544045], [8.924029586739573, 41.813435447401574], [8.928966679019583, 41.79535841690781]]]}, "properties": {"code": "2A232", "nom": "Pila-Canale"}}, {"type": "Feature", "geometry": {"type": "Polygon", "coordinates": [[[9.343628745854954, 42.55014632036066], [9.346047023646861, 42.54502396262538], [9.333430302678176, 42.53319364716269], [9.334993176460017, 42.50595521394766], [9.329492549768666, 42.505921565811576], [9.311259357615315, 42.50558787346695], [9.310336887448694, 42.52532922718107], [9.321310737365813, 42.54444703573676], [9.343628745854954, 42.55014632036066]]]}, "properties": {"code": "2B055", "nom": "Campitello"}}, {"type": "Feature", "geometry": {"type": "Polygon", "coordinates": [[[9.477581284914383, 42.88184380780203], [9.448818070567599, 42.88334445851603], [9.43398583341441, 42.88733092950375], [9.41712506819077, 42.88664587639993], [9.403800508411841, 42.86266834255666], [9.402042388556413, 42.86118557641663], [9.393023198568933, 42.86458427327733], [9.37830896756288, 42.881105436474186], [9.360781573280098, 42.88962654429841], [9.36225657239273, 42.89680158981327], [9.37699594532358, 42.91153374858226], [9.39034818294614, 42.920969867667395], [9.431929777562807, 42.90229871084952], [9.449732757511583, 42.89729258095962], [9.474493196555752, 42.90010336689736], [9.477581284914383, 42.88184380780203]]]}, "properties": {"code": "2B152", "nom": "Luri"}}, {"type": "Feature", "geometry": {"type": "Polygon", "coordinates": [[[8.952397887813497, 42.60252503176063], [8.935264897369352, 42.622051956843976], [8.948378167670645, 42.63353845701945], [8.98030656740998, 42.63933700548751], [8.984851804660474, 42.620481648871205], [8.975146680696545, 42.61358722292223], [8.952397887813497, 42.60252503176063]]]}, "properties": {"code": "2B168", "nom": "Monticello"}}, {"type": "Feature", "geometry": {"type": "Polygon", "coordinates": [[[9.533107218163382, 42.52375001043486], [9.49198753582744, 42.51400621601754], [9.444618260297165, 42.48662354212647], [9.417960409769062, 42.4919769424208], [9.45008578197775, 42.505922887608584], [9.448119618320469, 42.52016189059652], [9.453491229347195, 42.52506789437781], [9.475841769616332, 42.535482243948756], [9.512883501788352, 42.53439665266528], [9.533107218163382, 42.52375001043486]]]}, "properties": {"code": "2B346", "nom": "Vescovato"}}, {"type": "Feature", "geometry": {"type": "Polygon", "coordinates": [[[8.928966679019583, 41.79535841690781], [8.924029586739573, 41.813435447401574], [8.913325854395563, 41.822684231544045], [8.912552489594631, 41.84439166825094], [8.91721080124991, 41.85383200492658], [8.929878967772854, 41.85256165234934], [8.939694602609638, 41.84463123524347], [8.933067631474776, 41.82966362448459], [8.944859534504479, 41.81832445670427], [8.936715432543313, 41.80836152414126], [8.937226014087102, 41.798126910710856], [8.928966679019583, 41.79535841690781]]]}, "properties": {"code": "2A132", "nom": "Guargualé"}}, {"type": "Feature", "geometry": {"type": "Polygon", "coordinates": [[[9.123746649007689, 42.238946386458075], [9.119949082809747, 42.2472961553712], [9.144382187815888, 42.27664934913587], [9.179843161979743, 42.275076819471956], [9.174936940643601, 42.26056040361649], [9.182113826376495, 42.25669881998094], [9.177307428930986, 42.250479351771304], [9.151286359563041, 42.25745427010963], [9.130990131872272, 42.24695596821817], [9.123746649007689, 42.238946386458075]]]}, "properties": {"code": "2B074", "nom": "Casanova"}}, {"type": "Feature", "geometry": {"type": "Polygon", "coordinates": [[[9.393178104280437, 42.94604606662323], [9.402340825687956, 42.93838963823627], [9.39034818294614, 42.920969867667395], [9.37699594532358, 42.91153374858226], [9.359475556681645, 42.92288683362775], [9.349690980787194, 42.92881683764571], [9.358875948356951, 42.94492748470534], [9.347098888507986, 42.95277066658886], [9.349902475231262, 42.96086011531018], [9.393178104280437, 42.94604606662323]]]}, "properties": {"code": "2B170", "nom": "Morsiglia"}}, {"type": "Feature", "geometry": {"type": "Polygon", "coordinates": [[[9.381223574235959, 42.789606376533406], [9.418387471023742, 42.78851070722245], [9.414991491112369, 42.772638193374846], [9.388118085311413, 42.7478692502344], [9.373148827891502, 42.75099082570479], [9.352806924509533, 42.7391983261374], [9.343822423560974, 42.73968230090172], [9.339857492930777, 42.760646638850055], [9.353882650434212, 42.77705286901034], [9.367401299274054, 42.779839272013206], [9.381223574235959, 42.789606376533406]]]}, "properties": {"code": "2B187", "nom": "Olmeta-di-Capocorso"}}, {"type": "Feature", "geometry": {"type": "Polygon", "coordinates": [[[9.353283881847931, 42.327650414217565], [9.347158528783885, 42.32943236687371], [9.344162249544029, 42.33922334534562], [9.372858603549899, 42.347144584376224], [9.392184001524887, 42.353900586351514], [9.389704416379413, 42.33978431296237], [9.378883044104656, 42.340249974780484], [9.353283881847931, 42.327650414217565]]]}, "properties": {"code": "2B234", "nom": "Piobetta"}}, {"type": "Feature", "geometry": {"type": "Polygon", "coordinates": [[[8.89672765919967, 42.07250574985726], [8.89367335033367, 42.0801499967036], [8.869928252584481, 42.09887332655863], [8.874374600343113, 42.11017796057314], [8.892563037769403, 42.12597192594777], [8.897288159060224, 42.14118955899589], [8.913317707615725, 42.14262056447816], [8.920609855241233, 42.12165886023434], [8.910766937864068, 42.10630242497334], [8.91983794690709, 42.10477057108802], [8.92303087112872, 42.09180566027375], [8.933694322663554, 42.085873864274646], [8.918182044093882, 42.07538937634687], [8.89672765919967, 42.07250574985726]]]}, "properties": {"code": "2A266", "nom": "Salice"}}, {"type": "Feature", "geometry": {"type": "Polygon", "coordinates": [[[9.078630666520656, 41.73154940214118], [9.090681802740354, 41.721303615355595], [9.076522287635175, 41.713871132207025], [9.050566531497047, 41.70999883960574], [9.049496096584111, 41.7118709772027], [9.056037857744705, 41.72091674143378], [9.078630666520656, 41.73154940214118]]]}, "properties": {"code": "2A363", "nom": "Zoza"}}, {"type": "Feature", "geometry": {"type": "Polygon", "coordinates": [[[9.40737166485822, 42.324652769855774], [9.412934639351189, 42.31776131916807], [9.402822197413318, 42.31562144448348], [9.40737166485822, 42.324652769855774]]]}, "properties": {"code": "2B216", "nom": "Piazzali"}}, {"type": "Feature", "geometry": {"type": "Polygon", "coordinates": [[[9.331116926448962, 42.25547356623981], [9.326326480254448, 42.26617282683337], [9.335034680255074, 42.279898646047506], [9.358277108095084, 42.27233215161241], [9.35704574003108, 42.2622265504736], [9.350207955067026, 42.25055451416605], [9.338552474574623, 42.250728838818276], [9.331116926448962, 42.25547356623981]]]}, "properties": {"code": "2B364", "nom": "Zuani"}}, {"type": "Feature", "geometry": {"type": "Polygon", "coordinates": [[[8.81320318095672, 42.239162846183305], [8.824504464161421, 42.24037217659576], [8.832830942896434, 42.25213417316139], [8.853460291101278, 42.25598144538023], [8.881944880968232, 42.27169116671868], [8.904766989145307, 42.253859280700944], [8.881771637850031, 42.24714306305343], [8.862617686311859, 42.22471004869897], [8.848500484697322, 42.21968625041369], [8.819064782526727, 42.22163007247365], [8.810536966729506, 42.230378872592205], [8.81320318095672, 42.239162846183305]]]}, "properties": {"code": "2A100", "nom": "Cristinacce"}}, {"type": "Feature", "geometry": {"type": "Polygon", "coordinates": [[[9.259121186597472, 42.32817523282842], [9.257529710703059, 42.30808249246255], [9.246616859167275, 42.290630890635086], [9.228785553897552, 42.29559157617714], [9.238916503779187, 42.30006326399273], [9.238951407293843, 42.31963412806226], [9.254999753979053, 42.33564889023155], [9.259121186597472, 42.32817523282842]]]}, "properties": {"code": "2B078", "nom": "Castellare-di-Mercurio"}}, {"type": "Feature", "geometry": {"type": "Polygon", "coordinates": [[[8.916452379291675, 42.46737222355407], [8.943864350553412, 42.47172261997894], [8.996625333114006, 42.497476713533594], [9.021258269574172, 42.51204426720144], [9.00604405457001, 42.528545074300034], [9.02035009244036, 42.55187303267968], [9.0315708137535, 42.55996170869305], [9.0380361421995, 42.57333189051167], [9.041384576955165, 42.57503564613221], [9.056093210725281, 42.58004392867117], [9.074554943785323, 42.57901188054185], [9.09080447613448, 42.57327903133388], [9.094163914167572, 42.56504416058443], [9.08087078875752, 42.554667804821285], [9.074521977530054, 42.538106125545376], [9.069858984737929, 42.53453993958121], [9.040165145068068, 42.533161790726744], [9.034490845334515, 42.51885964000649], [9.040258768886696, 42.5096567578219], [9.035949796029518, 42.49516500539289], [9.016717138518345, 42.49401753400649], [9.008176014421178, 42.48300532130998], [8.98434326844867, 42.46506232950972], [8.96339503645833, 42.45444012050341], [8.931890402668865, 42.455749972549924], [8.919039837719003, 42.45951219719717], [8.916452379291675, 42.46737222355407]]]}, "properties": {"code": "2B190", "nom": "Olmi-Cappella"}}, {"type": "Feature", "geometry": {"type": "Polygon", "coordinates": [[[9.382026911621029, 42.667391099256], [9.364429571365848, 42.67479165685336], [9.337571669262292, 42.67813892536694], [9.338159505936234, 42.691155867187604], [9.328880600391583, 42.6935280993357], [9.355984804898604, 42.694511112547524], [9.366153050965114, 42.69131308667591], [9.37671993405263, 42.69757428670469], [9.398521338127164, 42.69321258256909], [9.393186314757983, 42.674616214306134], [9.382026911621029, 42.667391099256]]]}, "properties": {"code": "2B029", "nom": "Barbaggio"}}, {"type": "Feature", "geometry": {"type": "Polygon", "coordinates": [[[9.28051881173026, 42.36392391040525], [9.278968151586321, 42.37868551344898], [9.29574543449238, 42.380271753938516], [9.32492273804387, 42.37662767849662], [9.328671897150707, 42.36262648859481], [9.313863867911019, 42.36139757459922], [9.30551589645325, 42.354229161021635], [9.279057405819115, 42.36062008623459], [9.28051881173026, 42.36392391040525]]]}, "properties": {"code": "2B051", "nom": "Cambia"}}, {"type": "Feature", "geometry": {"type": "Polygon", "coordinates": [[[9.258857597539894, 42.3868956011423], [9.25138912809181, 42.37154740233685], [9.233974428378398, 42.355340676063626], [9.229400254658035, 42.35872851138953], [9.227828773736471, 42.38196946190768], [9.201797856165584, 42.39004616727221], [9.209041497802712, 42.395488307300695], [9.231973174245713, 42.38730309868183], [9.256987923290483, 42.39203690569866], [9.258857597539894, 42.3868956011423]]]}, "properties": {"code": "2B137", "nom": "Lano"}}, {"type": "Feature", "geometry": {"type": "Polygon", "coordinates": [[[8.857165708421912, 42.330983086005205], [8.819561377056067, 42.317558041882876], [8.790036214872794, 42.32596668237666], [8.770887277733078, 42.324764827713246], [8.759078812317421, 42.33804006429769], [8.724756680299254, 42.342174859984766], [8.7349588707167, 42.36123402604198], [8.744871855544577, 42.36899858633548], [8.74932709665994, 42.386493345676655], [8.718323531265659, 42.39240981900481], [8.729013142134175, 42.409056485549584], [8.755330739334292, 42.404742746123084], [8.781578219241212, 42.40589672653785], [8.789991179266668, 42.39887790399225], [8.814167465664289, 42.40171372529189], [8.82896653347492, 42.41609045509004], [8.838316952532917, 42.41897560411348], [8.847924574296172, 42.41615850805555], [8.868841453843464, 42.42034241381615], [8.880966101192374, 42.41341743489544], [8.91122044728073, 42.41019895400795], [8.901613676476725, 42.39348958234057], [8.901901759536614, 42.38201756865308], [8.91378579182842, 42.375110845174405], [8.89793285116733, 42.35877647907935], [8.857165708421912, 42.330983086005205]]]}, "properties": {"code": "2B153", "nom": "Manso"}}, {"type": "Feature", "geometry": {"type": "Polygon", "coordinates": [[[9.344470040915418, 42.32828560009553], [9.338210526859326, 42.3120192261161], [9.334276568755238, 42.283550395268314], [9.305044930256281, 42.301412030192935], [9.341048218607085, 42.32586612844905], [9.344470040915418, 42.32828560009553]]]}, "properties": {"code": "2B157", "nom": "Mazzola"}}, {"type": "Feature", "geometry": {"type": "Polygon", "coordinates": [[[9.22899113411561, 42.240614257034174], [9.199381208195348, 42.24328685278846], [9.186898891493504, 42.24020264188344], [9.177307428930986, 42.250479351771304], [9.182113826376495, 42.25669881998094], [9.206143048680865, 42.25626023459798], [9.213926821408002, 42.248421380009454], [9.22823871378778, 42.24973645784944], [9.232146696970663, 42.24985848061902], [9.22899113411561, 42.240614257034174]]]}, "properties": {"code": "2B260", "nom": "Riventosa"}}, {"type": "Feature", "geometry": {"type": "Polygon", "coordinates": [[[8.91378579182842, 42.375110845174405], [8.901901759536614, 42.38201756865308], [8.901613676476725, 42.39348958234057], [8.91122044728073, 42.41019895400795], [8.9209674279004, 42.425836606508916], [8.913975272878623, 42.449418464641546], [8.919039837719003, 42.45951219719717], [8.931890402668865, 42.455749972549924], [8.96339503645833, 42.45444012050341], [8.98434326844867, 42.46506232950972], [9.008176014421178, 42.48300532130998], [9.016717138518345, 42.49401753400649], [9.035949796029518, 42.49516500539289], [9.053173332516447, 42.49830755680685], [9.061082279324394, 42.50430403326177], [9.056961477709258, 42.488562570445836], [9.076510311825665, 42.48023611756064], [9.082075441084616, 42.46947808784594], [9.078511987536304, 42.427561265241174], [9.073391950007643, 42.41729690842489], [9.059540476194, 42.41255174967524], [9.047467969186718, 42.40052800483708], [9.0067224795786, 42.396031623146925], [8.989054533837153, 42.401751739537836], [8.97841246652822, 42.39153361713159], [8.970426829157043, 42.39145052428274], [8.929641438907494, 42.3729926721591], [8.91378579182842, 42.375110845174405]]]}, "properties": {"code": "2B023", "nom": "Asco"}}, {"type": "Feature", "geometry": {"type": "Polygon", "coordinates": [[[9.326845519787431, 42.39123818192792], [9.326709675850505, 42.396160648393526], [9.353256382441142, 42.39147534850573], [9.350316469575091, 42.383120596707556], [9.344626327837043, 42.38246853577273], [9.326845519787431, 42.39123818192792]]]}, "properties": {"code": "2B052", "nom": "Campana"}}, {"type": "Feature", "geometry": {"type": "Polygon", "coordinates": [[[9.46456541798329, 42.47551083640282], [9.48267772027779, 42.47409002608694], [9.531421807478921, 42.483362013942866], [9.536057443705, 42.47046758690006], [9.507819375398492, 42.462087253875985], [9.47907239659426, 42.45979191307124], [9.467456768314555, 42.4638988042295], [9.46456541798329, 42.47551083640282]]]}, "properties": {"code": "2B077", "nom": "Castellare-di-Casinca"}}, {"type": "Feature", "geometry": {"type": "Polygon", "coordinates": [[[9.179843161979743, 42.275076819471956], [9.144382187815888, 42.27664934913587], [9.119949082809747, 42.2472961553712], [9.123746649007689, 42.238946386458075], [9.116090164535725, 42.22998232393251], [9.09849841602777, 42.2256189348963], [9.091928378333197, 42.21701921644902], [9.069362438920068, 42.20765090728911], [9.057540731850557, 42.21584401685869], [9.045742524416326, 42.20772984755597], [9.024603276811161, 42.20363389421303], [9.00649217285645, 42.208708359140026], [8.979793816265778, 42.223988723347084], [8.973044637723564, 42.232597522891176], [8.940113760101195, 42.23720488399632], [8.926624311147608, 42.25419059779352], [8.95766997427334, 42.25348811616459], [8.972365640185211, 42.241756478803765], [8.991488019059497, 42.24276895355423], [9.022913312689068, 42.27729432458279], [9.036665532081084, 42.28271423588242], [9.038769368957059, 42.295691373514124], [9.075871268865463, 42.31379282920916], [9.084780564623605, 42.30848705931228], [9.093242118047577, 42.32338030290891], [9.109322345083223, 42.329163303347116], [9.113093015789357, 42.3375734166516], [9.145434848722417, 42.344009982058495], [9.153933627958542, 42.33989387351649], [9.157886157895472, 42.33242564534771], [9.17225773656624, 42.3283188721019], [9.180020002151007, 42.31824820528222], [9.194414219845934, 42.32248506003061], [9.189090467876692, 42.29663345726438], [9.205719245476756, 42.28477225630716], [9.179843161979743, 42.275076819471956]]]}, "properties": {"code": "2B096", "nom": "Corte"}}, {"type": "Feature", "geometry": {"type": "Polygon", "coordinates": [[[9.389519627030152, 42.082829281831216], [9.412174744697603, 42.07242527265128], [9.432840591484132, 42.05872945870011], [9.440795718954876, 42.0691623489491], [9.456264227573193, 42.07724330727382], [9.4732959838405, 42.07580996063988], [9.49698108331182, 42.0484512513089], [9.466958564261997, 42.01274493764188], [9.441408505383555, 41.98962434995596], [9.413788928118661, 42.00746766310095], [9.37971840005692, 42.01693112155938], [9.36662824394652, 42.03467598648343], [9.366945182715233, 42.04875500838042], [9.367734707528648, 42.063342158300415], [9.359470546359203, 42.07265103829567], [9.358813620095372, 42.08434621093929], [9.340947159580004, 42.0932612900561], [9.344521196806681, 42.10090764255075], [9.37750639009802, 42.08943189947829], [9.389519627030152, 42.082829281831216]]]}, "properties": {"code": "2B123", "nom": "Ghisonaccia"}}, {"type": "Feature", "geometry": {"type": "Polygon", "coordinates": [[[9.294576812862044, 41.94969982798407], [9.302813105862189, 41.94093481227885], [9.30093899675138, 41.932115387227284], [9.311560703222897, 41.921431739667945], [9.286192369450113, 41.90897752570012], [9.27309937459944, 41.8953650631859], [9.257566547863739, 41.884834124243476], [9.23610595555728, 41.87542711238806], [9.234965106156862, 41.87934237596686], [9.25220736357214, 41.898984720376], [9.248804246301058, 41.908855875310024], [9.22957689049761, 41.91634622915121], [9.21327974468161, 41.91746045798614], [9.230642296100608, 41.93262148856424], [9.242681651106672, 41.935415585107826], [9.268500955116238, 41.94925988552907], [9.281814921645841, 41.9464135359088], [9.294576812862044, 41.94969982798407]]]}, "properties": {"code": "2B366", "nom": "Chisa"}}, {"type": "Feature", "geometry": {"type": "Polygon", "coordinates": [[[9.103405614475927, 42.04462294828505], [9.112048119812767, 42.05145934957604], [9.133566039956618, 42.05939668142318], [9.130916384150003, 42.05440439115911], [9.149595047298144, 42.04050432391428], [9.160210627380897, 42.026791562160106], [9.146645804563075, 42.010702003876865], [9.1033260664177, 41.986494417420886], [9.097585498992732, 41.978076184947824], [9.08536637834973, 41.97360416604449], [9.073513414161729, 41.962252656373444], [9.065559089383992, 41.963205474918055], [9.053181979001916, 41.95942850988323], [9.034132256392159, 41.93647971501011], [9.022461383776655, 41.92844269806703], [9.000205451351677, 41.911682171423216], [8.988008076742435, 41.90892451712758], [8.959351643830011, 41.89677213661331], [8.95209764252442, 41.90374021919429], [8.95065287704067, 41.92106510603901], [8.950219831850754, 41.93098165089529], [8.96360181879905, 41.93278503679304], [8.981224614930671, 41.94413100390829], [8.98167188123022, 41.95589040866595], [8.994263356105797, 41.966510844961], [9.004260738640072, 41.98189542676726], [8.992803330974311, 41.99466036336061], [8.975631428618835, 41.99778644912801], [8.974181908668962, 42.004680143047054], [8.97844143032362, 42.010214841401584], [9.006642078414524, 42.021581935882516], [9.023141231830785, 42.03624086671179], [9.02072864022166, 42.04147852501001], [9.036330792231931, 42.033731398767216], [9.054672054423984, 42.03935080416941], [9.071020798315498, 42.03577286335542], [9.080488661202656, 42.043393144816996], [9.103405614475927, 42.04462294828505]]]}, "properties": {"code": "2A031", "nom": "Bastelica"}}, {"type": "Feature", "geometry": {"type": "Polygon", "coordinates": [[[8.82671757303123, 42.08295302797594], [8.825503425781188, 42.093633466774534], [8.809576084849546, 42.11164576149469], [8.820868655238783, 42.11643143065541], [8.847736144505914, 42.10970672544435], [8.858754549473517, 42.100078145896326], [8.869928252584481, 42.09887332655863], [8.89367335033367, 42.0801499967036], [8.89672765919967, 42.07250574985726], [8.886809575393048, 42.06440839108109], [8.867864579986186, 42.06164986851859], [8.85802425539186, 42.079728659049586], [8.83776374980147, 42.07848792418044], [8.82671757303123, 42.08295302797594]]]}, "properties": {"code": "2A144", "nom": "Lopigna"}}, {"type": "Feature", "geometry": {"type": "Polygon", "coordinates": [[[8.988609842988739, 41.72800159649825], [8.986296042340815, 41.731745255760536], [9.004758775255173, 41.746330465407866], [8.996213742614247, 41.75515886764562], [9.009442494100973, 41.769177447179175], [8.997455436160381, 41.79241454570369], [8.962475016146488, 41.808897405706475], [8.980271037398516, 41.81994169311779], [9.00463401400028, 41.826447500826625], [9.016697566741648, 41.81318323656455], [9.031263656915451, 41.81043143160471], [9.049052252562147, 41.790276865667245], [9.037651244116471, 41.78214787948486], [9.034644992501393, 41.770762502558725], [9.024235113051011, 41.75837799220981], [9.026561202684949, 41.75182209243294], [9.018470077232756, 41.7523391537224], [9.007427949010456, 41.739584454442905], [8.988609842988739, 41.72800159649825]]]}, "properties": {"code": "2A160", "nom": "Moca-Croce"}}, {"type": "Feature", "geometry": {"type": "Polygon", "coordinates": [[[9.294576812862044, 41.94969982798407], [9.334564285939194, 41.96058358430703], [9.344323037528993, 41.96630673957359], [9.380528988272049, 41.96963201140001], [9.40819512957222, 41.96747865572548], [9.407672337624604, 41.94162328356449], [9.412961673224979, 41.938093179023035], [9.415949003320323, 41.927960722873955], [9.408977140479866, 41.906617482010894], [9.36702444187952, 41.91987453393284], [9.341574086792754, 41.91931649170566], [9.316267578442092, 41.92525972839891], [9.311560703222897, 41.921431739667945], [9.30093899675138, 41.932115387227284], [9.302813105862189, 41.94093481227885], [9.294576812862044, 41.94969982798407]]]}, "properties": {"code": "2B342", "nom": "Ventiseri"}}, {"type": "Feature", "geometry": {"type": "Polygon", "coordinates": [[[8.756967100636894, 42.091320616534006], [8.761184400504067, 42.10107799855134], [8.778128697429299, 42.11424087056444], [8.767709306531092, 42.13454933914455], [8.786921323416381, 42.15174656301579], [8.811522165446961, 42.15451742511868], [8.834406594426211, 42.13087748078943], [8.820868655238783, 42.11643143065541], [8.809576084849546, 42.11164576149469], [8.797327056058684, 42.11049344235879], [8.774217298944727, 42.101912918845514], [8.756967100636894, 42.091320616534006]]]}, "properties": {"code": "2A019", "nom": "Arbori"}}, {"type": "Feature", "geometry": {"type": "Polygon", "coordinates": [[[8.85733155647358, 41.7544674293415], [8.83802419993971, 41.76191887907823], [8.824445173331966, 41.763218183532906], [8.821571491648, 41.77457214312254], [8.832390481799443, 41.7854298730953], [8.823552821916188, 41.78940453053179], [8.820955439453538, 41.79113329438854], [8.838572886453674, 41.80947346031467], [8.860380634739, 41.82260667253805], [8.875042637426374, 41.82605974039707], [8.87746851471096, 41.83704433612271], [8.904452328294967, 41.85420505998683], [8.912552489594631, 41.84439166825094], [8.913325854395563, 41.822684231544045], [8.897647808329076, 41.810537919303336], [8.888505392027083, 41.80844617993097], [8.872268415255759, 41.78104302194865], [8.861728494068213, 41.777424043024695], [8.868142586410316, 41.760494201481556], [8.85733155647358, 41.7544674293415]]]}, "properties": {"code": "2A091", "nom": "Cognocoli-Monticchi"}}, {"type": "Feature", "geometry": {"type": "Polygon", "coordinates": [[[8.988609842988739, 41.72800159649825], [8.963737223657304, 41.72055139344786], [8.963851339632242, 41.73156071240512], [8.953286849859747, 41.74305774865663], [8.958768793187117, 41.754114801111356], [8.937325725511263, 41.775322999110514], [8.916497202767056, 41.78036863837533], [8.928966679019583, 41.79535841690781], [8.937226014087102, 41.798126910710856], [8.957556233135087, 41.81086020598468], [8.962475016146488, 41.808897405706475], [8.997455436160381, 41.79241454570369], [9.009442494100973, 41.769177447179175], [8.996213742614247, 41.75515886764562], [9.004758775255173, 41.746330465407866], [8.986296042340815, 41.731745255760536], [8.988609842988739, 41.72800159649825]]]}, "properties": {"code": "2A211", "nom": "Petreto-Bicchisano"}}, {"type": "Feature", "geometry": {"type": "Polygon", "coordinates": [[[8.828466316025995, 41.71611846874428], [8.824197439904417, 41.7209749338676], [8.844280131797492, 41.737523120153455], [8.856724662454562, 41.743261061754055], [8.85733155647358, 41.7544674293415], [8.868142586410316, 41.760494201481556], [8.87570353998602, 41.768412784015105], [8.900482906798137, 41.76246932172785], [8.926138986871782, 41.74757138291218], [8.921161407585277, 41.73955609059169], [8.90930480385425, 41.728630814321626], [8.887143111130547, 41.72914365525429], [8.873482686720305, 41.72168876570467], [8.845628510464467, 41.72459557233003], [8.828466316025995, 41.71611846874428]]]}, "properties": {"code": "2A284", "nom": "Sollacaro"}}, {"type": "Feature", "geometry": {"type": "Polygon", "coordinates": [[[9.004393337698545, 42.56896555352766], [8.994470541130154, 42.57743983281585], [8.99995163455411, 42.58529105716571], [9.004393337698545, 42.56896555352766]]]}, "properties": {"code": "2B097", "nom": "Costa"}}, {"type": "Feature", "geometry": {"type": "Polygon", "coordinates": [[[8.952397887813497, 42.60252503176063], [8.94915121455301, 42.58735242511416], [8.924742679767105, 42.58116519451487], [8.915173123181413, 42.58771860734896], [8.91688511392178, 42.59832491265867], [8.918889338071928, 42.602315767617064], [8.914888446989451, 42.608460830642706], [8.923397732037657, 42.626119239375065], [8.935264897369352, 42.622051956843976], [8.952397887813497, 42.60252503176063]]]}, "properties": {"code": "2B316", "nom": "Santa-Reparata-di-Balagna"}}, {"type": "Feature", "geometry": {"type": "Polygon", "coordinates": [[[9.00463401400028, 41.826447500826625], [9.007812740699672, 41.83140125581243], [9.022042399742451, 41.837570875850616], [9.046961110659904, 41.81790071708551], [9.060579619837648, 41.80405516593172], [9.049052252562147, 41.790276865667245], [9.031263656915451, 41.81043143160471], [9.016697566741648, 41.81318323656455], [9.00463401400028, 41.826447500826625]]]}, "properties": {"code": "2A021", "nom": "Argiusta-Moriccio"}}, {"type": "Feature", "geometry": {"type": "Polygon", "coordinates": [[[9.256987923290483, 42.39203690569866], [9.231973174245713, 42.38730309868183], [9.209041497802712, 42.395488307300695], [9.197517515763503, 42.40770833344349], [9.197134422095608, 42.41820053365267], [9.230127690698211, 42.4178957881567], [9.252187682594679, 42.41105585424442], [9.256190411200274, 42.40310213748825], [9.256987923290483, 42.39203690569866]]]}, "properties": {"code": "2B003", "nom": "Aiti"}}, {"type": "Feature", "geometry": {"type": "Polygon", "coordinates": [[[9.343554237429405, 42.14481334864929], [9.358063603722757, 42.14433967791782], [9.372205229681324, 42.15196381679184], [9.388460431450559, 42.14436700746091], [9.385289401714576, 42.13760749772937], [9.393310092745484, 42.12740490638955], [9.37529013740687, 42.12214692698016], [9.35698079089643, 42.12362516679551], [9.346463771875117, 42.1311797024856], [9.343554237429405, 42.14481334864929]]]}, "properties": {"code": "2B075", "nom": "Casevecchie"}}, {"type": "Feature", "geometry": {"type": "Polygon", "coordinates": [[[9.364136487746816, 42.22373530230489], [9.373511137895978, 42.20851570890622], [9.401069054765777, 42.19639262144804], [9.410646184553912, 42.18053147339308], [9.452822808772238, 42.14390760547005], [9.45196667896768, 42.14328358840284], [9.425837844123672, 42.15601626132167], [9.423738677826394, 42.163951361727065], [9.403645017733286, 42.18191061393252], [9.381739807765362, 42.17500118712775], [9.354954648804942, 42.194119575303915], [9.343468357991858, 42.19844108719031], [9.34746695810413, 42.21766637780008], [9.364136487746816, 42.22373530230489]]]}, "properties": {"code": "2B126", "nom": "Giuncaggio"}}, {"type": "Feature", "geometry": {"type": "Polygon", "coordinates": [[[9.389704416379413, 42.33978431296237], [9.402078278095985, 42.33179816736528], [9.368112855208711, 42.31586066731834], [9.353283881847931, 42.327650414217565], [9.378883044104656, 42.340249974780484], [9.389704416379413, 42.33978431296237]]]}, "properties": {"code": "2B227", "nom": "Pietricaggio"}}, {"type": "Feature", "geometry": {"type": "Polygon", "coordinates": [[[9.378851226355918, 42.3652974603643], [9.37500344781477, 42.36959525634008], [9.375589428598415, 42.37763975435729], [9.386744962259181, 42.388566597087454], [9.393525030931983, 42.37293707513502], [9.381609193744458, 42.36494247454972], [9.378851226355918, 42.3652974603643]]]}, "properties": {"code": "2B256", "nom": "Rapaggio"}}, {"type": "Feature", "geometry": {"type": "Polygon", "coordinates": [[[9.193275870944749, 42.35796434224634], [9.203289084278214, 42.35266495866912], [9.215817820145583, 42.359722345742796], [9.229400254658035, 42.35872851138953], [9.233974428378398, 42.355340676063626], [9.238486923936927, 42.352632448723114], [9.194414219845934, 42.32248506003061], [9.180020002151007, 42.31824820528222], [9.17225773656624, 42.3283188721019], [9.157886157895472, 42.33242564534771], [9.153933627958542, 42.33989387351649], [9.158089976717209, 42.3468200835817], [9.175833224805336, 42.347620158222554], [9.193275870944749, 42.35796434224634]]]}, "properties": {"code": "2B329", "nom": "Tralonca"}}, {"type": "Feature", "geometry": {"type": "Polygon", "coordinates": [[[9.09841359545489, 41.73050358402855], [9.124748361313095, 41.73778415333385], [9.136798935787983, 41.73823508444139], [9.142377758821656, 41.71168960745448], [9.155958904071198, 41.700287831572325], [9.16479226598249, 41.700617118419764], [9.161374943696181, 41.69459247147807], [9.130573083957097, 41.67760184599227], [9.137898164978779, 41.660153607408255], [9.163836250490274, 41.65564012223284], [9.170626322781912, 41.64417056420552], [9.169624373511114, 41.61627781963371], [9.149876978454332, 41.61349084422876], [9.131112180393988, 41.59781653391723], [9.11199660637074, 41.596066919165516], [9.095421403551903, 41.585537905045534], [9.086568734889157, 41.584844720546315], [9.084020100983444, 41.58409181324439], [9.071134043932906, 41.58734176036374], [9.04578092811692, 41.609483906274306], [9.071280087915563, 41.621090647472734], [9.077157131344256, 41.629163319269274], [9.080258160419556, 41.6499797241988], [9.101627673433788, 41.65909964121985], [9.095269961996516, 41.67065160627556], [9.100434014001678, 41.67953546417519], [9.094515945495754, 41.70626306425705], [9.090681802740354, 41.721303615355595], [9.09841359545489, 41.73050358402855]]]}, "properties": {"code": "2A142", "nom": "Levie"}}, {"type": "Feature", "geometry": {"type": "Polygon", "coordinates": [[[8.771293565923225, 41.8112395510742], [8.774798445812413, 41.825040731954466], [8.784393807344568, 41.830407894413874], [8.76255948192772, 41.843700008150144], [8.78303629580248, 41.8475053939933], [8.789592401559315, 41.85305415530686], [8.80111818336931, 41.85252865281709], [8.821949683472155, 41.85839703843968], [8.846515110060013, 41.847430312061626], [8.860380634739, 41.82260667253805], [8.838572886453674, 41.80947346031467], [8.820955439453538, 41.79113329438854], [8.816473281606934, 41.797122676868945], [8.795890851078283, 41.806730177524756], [8.771293565923225, 41.8112395510742]]]}, "properties": {"code": "2A228", "nom": "Pietrosella"}}, {"type": "Feature", "geometry": {"type": "Polygon", "coordinates": [[[9.124748361313095, 41.73778415333385], [9.12949176585721, 41.743850109749495], [9.123818097750489, 41.7743784648391], [9.12334978693599, 41.79491069801067], [9.138761701603185, 41.81990698917749], [9.163486848106725, 41.83888908242533], [9.17692693567533, 41.84147195901855], [9.193140646506206, 41.83660979816726], [9.208765306172468, 41.851567014243734], [9.22749739090474, 41.85558903234784], [9.236915461534869, 41.84652580746613], [9.260501637837264, 41.845181320623105], [9.270702639104186, 41.840591858357556], [9.301434820029463, 41.84490426472732], [9.309095237783188, 41.832145235940885], [9.29387710394963, 41.818943900170005], [9.272434663049495, 41.8077338281029], [9.264912147635062, 41.805171992617325], [9.231709999641714, 41.77452469342126], [9.234145558404345, 41.78196702147216], [9.225539061892823, 41.791666676233326], [9.212588254817659, 41.78747604618636], [9.189430167332082, 41.77352331058695], [9.16576969223425, 41.764325713250955], [9.136941765985497, 41.73845197431108], [9.136798935787983, 41.73823508444139], [9.124748361313095, 41.73778415333385]]]}, "properties": {"code": "2A254", "nom": "Quenza"}}, {"type": "Feature", "geometry": {"type": "Polygon", "coordinates": [[[8.79630546613279, 42.02359479482515], [8.805738770929965, 42.02821226712075], [8.825550126703941, 42.03900562751659], [8.835116685807112, 42.03882947436937], [8.836378644827041, 42.01685819242413], [8.824768308652988, 42.0105166273578], [8.80308008406375, 42.01279076982745], [8.79630546613279, 42.02359479482515]]]}, "properties": {"code": "2A336", "nom": "Valle-di-Mezzana"}}, {"type": "Feature", "geometry": {"type": "Polygon", "coordinates": [[[9.527541004527984, 42.56496300927877], [9.476276298544404, 42.553107923238414], [9.432417387688485, 42.549029794307536], [9.395719686006462, 42.550081101618964], [9.381934102194064, 42.56008913958531], [9.395430367856672, 42.576335875165675], [9.41484666490278, 42.586525127583776], [9.466755457209052, 42.598011232885376], [9.485803353485135, 42.61336212793189], [9.514827296965024, 42.584724802576204], [9.527541004527984, 42.56496300927877]]]}, "properties": {"code": "2B042", "nom": "Borgo"}}, {"type": "Feature", "geometry": {"type": "Polygon", "coordinates": [[[9.28051881173026, 42.36392391040525], [9.25138912809181, 42.37154740233685], [9.258857597539894, 42.3868956011423], [9.278968151586321, 42.37868551344898], [9.28051881173026, 42.36392391040525]]]}, "properties": {"code": "2B106", "nom": "Érone"}}, {"type": "Feature", "geometry": {"type": "Polygon", "coordinates": [[[9.360589006888933, 42.369891010376854], [9.361583372910102, 42.37109390604535], [9.370675400904933, 42.37283960180099], [9.37545142502585, 42.388856865426874], [9.388538150884663, 42.38994675568489], [9.386744962259181, 42.388566597087454], [9.375589428598415, 42.37763975435729], [9.37500344781477, 42.36959525634008], [9.36484595858847, 42.371349394214256], [9.360589006888933, 42.369891010376854]]]}, "properties": {"code": "2B291", "nom": "Stazzona"}}, {"type": "Feature", "geometry": {"type": "Polygon", "coordinates": [[[9.438861140091435, 42.40767009501515], [9.426908533352371, 42.40665279100105], [9.414473220387165, 42.4168548673003], [9.417724412094449, 42.427940606257884], [9.431257269140522, 42.42624830395973], [9.438861140091435, 42.40767009501515]]]}, "properties": {"code": "2B299", "nom": "San-Gavino-d'Ampugnani"}}, {"type": "Feature", "geometry": {"type": "Polygon", "coordinates": [[[9.205719245476756, 42.28477225630716], [9.189090467876692, 42.29663345726438], [9.194414219845934, 42.32248506003061], [9.238486923936927, 42.352632448723114], [9.24790582305658, 42.350798631697934], [9.254999753979053, 42.33564889023155], [9.238951407293843, 42.31963412806226], [9.238916503779187, 42.30006326399273], [9.228785553897552, 42.29559157617714], [9.22262461160567, 42.28927260728988], [9.205719245476756, 42.28477225630716]]]}, "properties": {"code": "2B306", "nom": "Santa-Lucia-di-Mercurio"}}, {"type": "Feature", "geometry": {"type": "Polygon", "coordinates": [[[9.402078278095985, 42.33179816736528], [9.389704416379413, 42.33978431296237], [9.392184001524887, 42.353900586351514], [9.410385093300834, 42.355905816779455], [9.412337649792494, 42.33536321799757], [9.403136722007758, 42.33136463774787], [9.402078278095985, 42.33179816736528]]]}, "properties": {"code": "2B321", "nom": "Tarrano"}}, {"type": "Feature", "geometry": {"type": "Polygon", "coordinates": [[[8.668421997672647, 41.982130612178764], [8.68895027220716, 41.97382114001411], [8.700561691769245, 41.953261543588276], [8.676854717625982, 41.94654927537327], [8.647623363902937, 41.96266307565795], [8.626506748093695, 41.96451259967261], [8.622870557471716, 41.97047772787279], [8.646062681846676, 41.96813119756285], [8.668421997672647, 41.982130612178764]]]}, "properties": {"code": "2A351", "nom": "Villanova"}}, {"type": "Feature", "geometry": {"type": "Polygon", "coordinates": [[[9.151978876579363, 41.84418372679824], [9.143147212894295, 41.84927602123639], [9.142616235517643, 41.86059669028106], [9.118414057895254, 41.85630085277404], [9.086651862539112, 41.8631220161176], [9.092451238749, 41.88878067421073], [9.105979602702375, 41.9097040982723], [9.104787916566243, 41.91740490623679], [9.107224317536252, 41.92832887698707], [9.126954112567896, 41.92845573074363], [9.139067289704581, 41.93144621554802], [9.141054291753337, 41.92689723290827], [9.165389568562158, 41.91857572272865], [9.165840393807601, 41.91159288703153], [9.185440690520197, 41.90886405294482], [9.194234101842563, 41.915219140779016], [9.21327974468161, 41.91746045798614], [9.22957689049761, 41.91634622915121], [9.248804246301058, 41.908855875310024], [9.25220736357214, 41.898984720376], [9.234965106156862, 41.87934237596686], [9.23610595555728, 41.87542711238806], [9.22749739090474, 41.85558903234784], [9.208765306172468, 41.851567014243734], [9.193140646506206, 41.83660979816726], [9.17692693567533, 41.84147195901855], [9.163486848106725, 41.83888908242533], [9.151978876579363, 41.84418372679824]]]}, "properties": {"code": "2A359", "nom": "Zicavo"}}, {"type": "Feature", "geometry": {"type": "Polygon", "coordinates": [[[9.389519627030152, 42.082829281831216], [9.38331187644246, 42.10497491008803], [9.36785100578409, 42.099605207391015], [9.35698079089643, 42.12362516679551], [9.37529013740687, 42.12214692698016], [9.393310092745484, 42.12740490638955], [9.415945508915723, 42.1202112345161], [9.43807698289995, 42.12336594901337], [9.438769279272819, 42.11279363536698], [9.451584622543578, 42.10590046326978], [9.447104941616297, 42.08761072763747], [9.456264227573193, 42.07724330727382], [9.440795718954876, 42.0691623489491], [9.432840591484132, 42.05872945870011], [9.412174744697603, 42.07242527265128], [9.389519627030152, 42.082829281831216]]]}, "properties": {"code": "2B002", "nom": "Aghione"}}, {"type": "Feature", "geometry": {"type": "Polygon", "coordinates": [[[9.275543227909413, 42.07638442367271], [9.316597723149478, 42.060554728829146], [9.337807185354455, 42.05880779600037], [9.360639319764687, 42.047426431892895], [9.366945182715233, 42.04875500838042], [9.36662824394652, 42.03467598648343], [9.336364588440977, 42.03916275922429], [9.316532120526798, 42.03554551559672], [9.302518097380876, 42.03165001718679], [9.27928634149221, 42.03469125482464], [9.25862507296315, 42.045704956996644], [9.241273301251955, 42.04832610026088], [9.227781462708503, 42.044822562204565], [9.22971575217933, 42.05918345979396], [9.238304006183938, 42.075018096973324], [9.26055981483917, 42.072116667221536], [9.275543227909413, 42.07638442367271]]]}, "properties": {"code": "2B236", "nom": "Poggio-di-Nazza"}}, {"type": "Feature", "geometry": {"type": "Polygon", "coordinates": [[[9.428377058238757, 42.514058690597565], [9.400810750460593, 42.4958323052576], [9.383742269751881, 42.499779129491856], [9.380544631680738, 42.502856777797604], [9.384629119925156, 42.509881086828486], [9.393480959758763, 42.504452773127724], [9.400763829259228, 42.521494043323216], [9.414148828217217, 42.52545999291935], [9.427005674968306, 42.519201270138296], [9.428377058238757, 42.514058690597565]]]}, "properties": {"code": "2B250", "nom": "Prunelli-di-Casacconi"}}, {"type": "Feature", "geometry": {"type": "Polygon", "coordinates": [[[8.842222045151333, 42.04270760491412], [8.824242873253644, 42.052762910799686], [8.79348216291227, 42.05599303142763], [8.797107659328645, 42.070613261191724], [8.786980661388448, 42.07834966812699], [8.79888010803901, 42.08336513320087], [8.82671757303123, 42.08295302797594], [8.83776374980147, 42.07848792418044], [8.85802425539186, 42.079728659049586], [8.867864579986186, 42.06164986851859], [8.886809575393048, 42.06440839108109], [8.876935719418562, 42.05575826584274], [8.869397915032643, 42.04892394401898], [8.842222045151333, 42.04270760491412]]]}, "properties": {"code": "2A270", "nom": "Sari-d'Orcino"}}, {"type": "Feature", "geometry": {"type": "Polygon", "coordinates": [[[8.879529568072824, 42.55985899742359], [8.877077565493734, 42.56045394314751], [8.884607459445865, 42.575967906885076], [8.898483057456712, 42.57422770116252], [8.918838945077985, 42.574569277917725], [8.91707956069605, 42.57153863827987], [8.916324588272985, 42.5686686266306], [8.892448680456381, 42.56666418709013], [8.879529568072824, 42.55985899742359]]]}, "properties": {"code": "2B084", "nom": "Cateri"}}, {"type": "Feature", "geometry": {"type": "Polygon", "coordinates": [[[9.425237115549466, 42.30101170202872], [9.424163031703602, 42.30992267216216], [9.412934639351189, 42.31776131916807], [9.419160078880065, 42.320126356227796], [9.445486119601927, 42.314437836549416], [9.456077324982713, 42.31607518888144], [9.455208729179706, 42.307326803741795], [9.425237115549466, 42.30101170202872]]]}, "properties": {"code": "2B194", "nom": "Ortale"}}, {"type": "Feature", "geometry": {"type": "Polygon", "coordinates": [[[9.01020494440491, 41.63126818926546], [8.99738892315449, 41.64344792832646], [9.001174824342153, 41.65194116904213], [9.015366296678632, 41.65214748423871], [9.020919946223529, 41.639940449349524], [9.028584215144619, 41.63479939888226], [9.01020494440491, 41.63126818926546]]]}, "properties": {"code": "2A128", "nom": "Granace"}}, {"type": "Feature", "geometry": {"type": "Polygon", "coordinates": [[[9.480013624253866, 42.860150270268434], [9.449912649567029, 42.85779899270276], [9.416684477287372, 42.86472114415326], [9.403800508411841, 42.86266834255666], [9.41712506819077, 42.88664587639993], [9.43398583341441, 42.88733092950375], [9.448818070567599, 42.88334445851603], [9.477581284914383, 42.88184380780203], [9.47306347792927, 42.87413170694093], [9.480013624253866, 42.860150270268434]]]}, "properties": {"code": "2B046", "nom": "Cagnano"}}, {"type": "Feature", "geometry": {"type": "Polygon", "coordinates": [[[9.479906627744988, 42.34174947559195], [9.479853830905412, 42.35245729612504], [9.482133852204658, 42.35547457604978], [9.490611158146438, 42.36233847906618], [9.535137463579053, 42.35885552133596], [9.540420096953023, 42.33728215468742], [9.530726251886726, 42.34191010158688], [9.50635351025565, 42.33951919974666], [9.479906627744988, 42.34174947559195]]]}, "properties": {"code": "2B311", "nom": "Santa-Maria-Poggio"}}, {"type": "Feature", "geometry": {"type": "Polygon", "coordinates": [[[9.022461383776655, 41.92844269806703], [9.034132256392159, 41.93647971501011], [9.053181979001916, 41.95942850988323], [9.06523603175949, 41.92986738927654], [9.06281664149722, 41.924771471072965], [9.049964991688448, 41.90890362220572], [9.031744195929273, 41.894936776559916], [9.029656700786258, 41.887740376239215], [9.006900162524403, 41.8803629749763], [9.009179104676305, 41.88249446413247], [9.013644772697358, 41.89635761681273], [9.026033136032764, 41.91477812301089], [9.022461383776655, 41.92844269806703]]]}, "properties": {"code": "2A119", "nom": "Frasseto"}}, {"type": "Feature", "geometry": {"type": "Polygon", "coordinates": [[[9.24381593093492, 41.6825122106763], [9.276367632470722, 41.69863766709401], [9.293456309889462, 41.7011750005427], [9.306836399396037, 41.69565203933175], [9.320386698005054, 41.69937932311339], [9.342210330625862, 41.684072278183294], [9.338141652513775, 41.66833401848101], [9.351246946084556, 41.63956720717261], [9.346185857424633, 41.632476243383095], [9.356108782557971, 41.62033490545132], [9.336739554234802, 41.6215416098364], [9.319790234027435, 41.615175550371134], [9.313613500358647, 41.628610390014636], [9.32929345407929, 41.63374788034645], [9.322354811063429, 41.65409472725267], [9.313523162992194, 41.656211497564094], [9.296780943697318, 41.67755964540887], [9.278860926655126, 41.692803711767354], [9.24381593093492, 41.6825122106763]]]}, "properties": {"code": "2A139", "nom": "Lecci"}}, {"type": "Feature", "geometry": {"type": "Polygon", "coordinates": [[[9.325771140434751, 42.39861508735372], [9.325870189585338, 42.40222511770805], [9.324162734922115, 42.404995816408864], [9.323641173881969, 42.411302893425635], [9.345093658670693, 42.41297361562507], [9.363713757547854, 42.41811916378118], [9.38060216982561, 42.40851145841876], [9.389042030649337, 42.408565358595624], [9.391907275249594, 42.40428096256199], [9.389069025902575, 42.397913624660724], [9.385465998720694, 42.39945573344072], [9.359312615567367, 42.405424046237975], [9.339388626000941, 42.40212323213002], [9.325771140434751, 42.39861508735372]]]}, "properties": {"code": "2B101", "nom": "Croce"}}, {"type": "Feature", "geometry": {"type": "Polygon", "coordinates": [[[9.467700617417448, 42.29988425861903], [9.45742974597082, 42.28442252394732], [9.443996133168978, 42.26984687598178], [9.431490145964776, 42.28187716332537], [9.421186142542423, 42.28878614424826], [9.425237115549466, 42.30101170202872], [9.455208729179706, 42.307326803741795], [9.467700617417448, 42.29988425861903]]]}, "properties": {"code": "2B225", "nom": "Pietra-di-Verde"}}, {"type": "Feature", "geometry": {"type": "Polygon", "coordinates": [[[9.331116926448962, 42.25547356623981], [9.313321260502745, 42.257237543661944], [9.298690899361405, 42.264625696534765], [9.281567229266313, 42.27709089799111], [9.262130771603497, 42.27448031122446], [9.252211845831514, 42.26617611355362], [9.248820763029865, 42.25067140081847], [9.232146696970663, 42.24985848061902], [9.22823871378778, 42.24973645784944], [9.225933935500672, 42.26491781188848], [9.235664062130533, 42.276616036228035], [9.246025403090535, 42.27462725924654], [9.260795835583089, 42.28946180102084], [9.280297153472015, 42.29545908241778], [9.293986593876639, 42.30090525761359], [9.305044930256281, 42.301412030192935], [9.334276568755238, 42.283550395268314], [9.335034680255074, 42.279898646047506], [9.326326480254448, 42.26617282683337], [9.331116926448962, 42.25547356623981]]]}, "properties": {"code": "2B292", "nom": "Sant'Andréa-di-Bozio"}}, {"type": "Feature", "geometry": {"type": "Polygon", "coordinates": [[[9.26580682494839, 42.6667073419367], [9.25869115303031, 42.6790569457233], [9.262069172515426, 42.69226150886574], [9.238097036488911, 42.70015790785473], [9.234004331673624, 42.71991434242983], [9.257211712738515, 42.718125074458946], [9.255768341990846, 42.70761627834606], [9.276951070146437, 42.69228094275738], [9.284421808976878, 42.67633726978866], [9.293321757624451, 42.67431591000078], [9.321143060830279, 42.6960247632589], [9.328880600391583, 42.6935280993357], [9.338159505936234, 42.691155867187604], [9.337571669262292, 42.67813892536694], [9.323752139412148, 42.66999259469511], [9.30062584501364, 42.6695287850843], [9.283021652726282, 42.66247583835485], [9.26580682494839, 42.6667073419367]]]}, "properties": {"code": "2B298", "nom": "Saint-Florent"}}, {"type": "Feature", "geometry": {"type": "Polygon", "coordinates": [[[9.006900162524403, 41.8803629749763], [9.029656700786258, 41.887740376239215], [9.033140223787466, 41.857603005923536], [8.998605847427939, 41.862961105804395], [8.993624974000834, 41.86316330583635], [8.993604483371325, 41.87009912426523], [9.006900162524403, 41.8803629749763]]]}, "properties": {"code": "2A026", "nom": "Azilone-Ampaza"}}, {"type": "Feature", "geometry": {"type": "Polygon", "coordinates": [[[9.32755747617928, 42.44384864442805], [9.357678654299676, 42.45154872498665], [9.360112768267893, 42.4432689950465], [9.341090118590875, 42.43807408126895], [9.32755747617928, 42.44384864442805]]]}, "properties": {"code": "2B125", "nom": "Giocatojo"}}, {"type": "Feature", "geometry": {"type": "Polygon", "coordinates": [[[9.02035009244036, 42.55187303267968], [9.00604405457001, 42.528545074300034], [9.001558021433015, 42.517294073577425], [8.98623490482442, 42.51612323799171], [8.977060860089349, 42.50443631415339], [8.954540461251316, 42.50605825989911], [8.931985655232198, 42.49285715712278], [8.921589617434275, 42.4918401478297], [8.91891210696623, 42.49798365541715], [8.939586594573441, 42.51594406621396], [8.963952491094101, 42.51945997504319], [8.965814503747605, 42.53086813909634], [8.973677427827635, 42.53777514397901], [8.99859640711787, 42.5487989561997], [9.008195951903275, 42.55935675471575], [9.02035009244036, 42.55187303267968]]]}, "properties": {"code": "2B235", "nom": "Pioggiola"}}, {"type": "Feature", "geometry": {"type": "Polygon", "coordinates": [[[9.487882558633354, 42.38951118426456], [9.485812687043541, 42.40187590802369], [9.51357823547757, 42.416132931482615], [9.538227954996945, 42.412013356893354], [9.535249416654706, 42.393995656654454], [9.52350906931463, 42.39487924049432], [9.497321088242778, 42.386427373207766], [9.488746074398325, 42.38907066413588], [9.487882558633354, 42.38951118426456]]]}, "properties": {"code": "2B242", "nom": "Poggio-Mezzana"}}, {"type": "Feature", "geometry": {"type": "Polygon", "coordinates": [[[8.702705525813924, 42.18545082569767], [8.71766337695171, 42.19833108311463], [8.719385119249042, 42.208897147207225], [8.756789434512354, 42.20522388706677], [8.763775556356181, 42.19930288170968], [8.793706730448097, 42.20707839316675], [8.797206183001297, 42.1871987634133], [8.787441981279512, 42.17113519602016], [8.775922633344141, 42.1616633149122], [8.758679432820651, 42.16760255591955], [8.720774779361994, 42.17446708937497], [8.702705525813924, 42.18545082569767]]]}, "properties": {"code": "2A028", "nom": "Balogna"}}, {"type": "Feature", "geometry": {"type": "Polygon", "coordinates": [[[8.988609842988739, 41.72800159649825], [8.985414304975984, 41.70253078651368], [9.014807834141916, 41.70401528899707], [9.020396485838756, 41.7091990573756], [9.032922767824374, 41.695321276288226], [9.015670853256594, 41.67484555282969], [8.988105963952014, 41.689011078635176], [8.96948611337657, 41.68026148429561], [8.951746910130858, 41.68747281898229], [8.948864994774866, 41.69572391151835], [8.963737223657304, 41.72055139344786], [8.988609842988739, 41.72800159649825]]]}, "properties": {"code": "2A118", "nom": "Fozzano"}}, {"type": "Feature", "geometry": {"type": "Polygon", "coordinates": [[[8.886881007690912, 42.14787799045632], [8.861743348195828, 42.141820333114765], [8.837513355046854, 42.13923009365281], [8.834406594426211, 42.13087748078943], [8.811522165446961, 42.15451742511868], [8.819987679145573, 42.17661508040826], [8.842121830460785, 42.17614496542818], [8.857836381382132, 42.17992706747235], [8.879557750699323, 42.178102313767866], [8.874471416607028, 42.15756889875261], [8.886881007690912, 42.14787799045632]]]}, "properties": {"code": "2A174", "nom": "Murzo"}}, {"type": "Feature", "geometry": {"type": "Polygon", "coordinates": [[[9.390126376206739, 42.4161384126103], [9.396499761063712, 42.42676632195514], [9.404624153365571, 42.43069630670286], [9.417724412094449, 42.427940606257884], [9.414473220387165, 42.4168548673003], [9.390126376206739, 42.4161384126103]]]}, "properties": {"code": "2B273", "nom": "Scata"}}, {"type": "Feature", "geometry": {"type": "Polygon", "coordinates": [[[9.390126376206739, 42.4161384126103], [9.414473220387165, 42.4168548673003], [9.426908533352371, 42.40665279100105], [9.438861140091435, 42.40767009501515], [9.446430908897646, 42.4040368771962], [9.427809381862785, 42.397039012617334], [9.424255220542548, 42.391274860189824], [9.41275085985903, 42.40067648877811], [9.391907275249594, 42.40428096256199], [9.389042030649337, 42.408565358595624], [9.390126376206739, 42.4161384126103]]]}, "properties": {"code": "2B297", "nom": "San-Damiano"}}, {"type": "Feature", "geometry": {"type": "Polygon", "coordinates": [[[9.384629119925156, 42.509881086828486], [9.369580108918667, 42.505244793912574], [9.348390008370997, 42.51055945746626], [9.334993176460017, 42.50595521394766], [9.333430302678176, 42.53319364716269], [9.346047023646861, 42.54502396262538], [9.35951937082414, 42.52609294261704], [9.391287777863406, 42.52202699683515], [9.400763829259228, 42.521494043323216], [9.393480959758763, 42.504452773127724], [9.384629119925156, 42.509881086828486]]]}, "properties": {"code": "2B355", "nom": "Volpajola"}}, {"type": "Feature", "geometry": {"type": "Polygon", "coordinates": [[[8.988365760938436, 41.90022823500386], [9.013644772697358, 41.89635761681273], [9.009179104676305, 41.88249446413247], [8.999552366052068, 41.881249730271705], [8.985099846566637, 41.89265664671898], [8.988365760938436, 41.90022823500386]]]}, "properties": {"code": "2A056", "nom": "Campo"}}, {"type": "Feature", "geometry": {"type": "Polygon", "coordinates": [[[9.398521338127164, 42.69321258256909], [9.37671993405263, 42.69757428670469], [9.366153050965114, 42.69131308667591], [9.355984804898604, 42.694511112547524], [9.328880600391583, 42.6935280993357], [9.321143060830279, 42.6960247632589], [9.32247464967814, 42.71680913865703], [9.329003897619025, 42.71880392198317], [9.34896599653848, 42.710051709983375], [9.379170159199925, 42.71833750843862], [9.396514442568778, 42.727755721299424], [9.406777222531192, 42.719852075615094], [9.404701631834195, 42.70502005531282], [9.398521338127164, 42.69321258256909]]]}, "properties": {"code": "2B205", "nom": "Patrimonio"}}, {"type": "Feature", "geometry": {"type": "Polygon", "coordinates": [[[9.305044930256281, 42.301412030192935], [9.293986593876639, 42.30090525761359], [9.306054781033021, 42.31224361209541], [9.327268968208246, 42.32418149358078], [9.341048218607085, 42.32586612844905], [9.305044930256281, 42.301412030192935]]]}, "properties": {"code": "2B013", "nom": "Alzi"}}, {"type": "Feature", "geometry": {"type": "Polygon", "coordinates": [[[9.395447278520674, 42.74051196135392], [9.41618181924985, 42.73643672334455], [9.422758348206756, 42.74367364305296], [9.46132681028699, 42.74016739662592], [9.456258423345421, 42.71758637674868], [9.429411083296866, 42.72521778825841], [9.396514442568778, 42.727755721299424], [9.395447278520674, 42.74051196135392]]]}, "properties": {"code": "2B305", "nom": "San-Martino-di-Lota"}}, {"type": "Feature", "geometry": {"type": "Polygon", "coordinates": [[[8.975146680696545, 42.61358722292223], [8.984851804660474, 42.620481648871205], [8.99995163455411, 42.58529105716571], [8.994470541130154, 42.57743983281585], [9.004393337698545, 42.56896555352766], [9.008195951903275, 42.55935675471575], [8.99859640711787, 42.5487989561997], [8.982918985497397, 42.56533505386859], [8.975146680696545, 42.61358722292223]]]}, "properties": {"code": "2B352", "nom": "Ville-di-Paraso"}}, {"type": "Feature", "geometry": {"type": "Polygon", "coordinates": [[[9.092451238749, 41.88878067421073], [9.086651862539112, 41.8631220161176], [9.06441980692717, 41.86890802773556], [9.047067292153377, 41.86026460480883], [9.049174044462147, 41.87737886428363], [9.057770046675584, 41.89121534241061], [9.059529250529062, 41.90549856138373], [9.07695981488237, 41.90207219906981], [9.092451238749, 41.88878067421073]]]}, "properties": {"code": "2A094", "nom": "Corrano"}}, {"type": "Feature", "geometry": {"type": "Polygon", "coordinates": [[[9.147312596022337, 42.422426270288184], [9.151773846127615, 42.395472629693444], [9.136252845099733, 42.39002268944319], [9.112127649467615, 42.3876170756126], [9.093541616021344, 42.3881611997285], [9.087726123540655, 42.401557232173424], [9.073391950007643, 42.41729690842489], [9.078511987536304, 42.427561265241174], [9.107061546600287, 42.43012724590519], [9.13689175668568, 42.42643601395878], [9.147312596022337, 42.422426270288184]]]}, "properties": {"code": "2B081", "nom": "Castiglione"}}, {"type": "Feature", "geometry": {"type": "Polygon", "coordinates": [[[9.382026911621029, 42.667391099256], [9.393186314757983, 42.674616214306134], [9.408514535614827, 42.66839330648802], [9.449196243675715, 42.662236031630236], [9.462847262386196, 42.63923735593105], [9.434601281730826, 42.63599206681834], [9.417898220150692, 42.63967698492693], [9.394522285180614, 42.63474817677258], [9.392237923151294, 42.63786164573332], [9.38025039955303, 42.658107328434546], [9.382026911621029, 42.667391099256]]]}, "properties": {"code": "2B120", "nom": "Furiani"}}, {"type": "Feature", "geometry": {"type": "Polygon", "coordinates": [[[8.91707956069605, 42.57153863827987], [8.931153111207028, 42.5525910627912], [8.923562369932455, 42.53717375248746], [8.93465986974637, 42.5306334828618], [8.932348167445076, 42.51965582730873], [8.917935768283687, 42.526659503859655], [8.907250744675007, 42.53824139771865], [8.894917990336463, 42.5499673438838], [8.916324588272985, 42.5686686266306], [8.91707956069605, 42.57153863827987]]]}, "properties": {"code": "2B173", "nom": "Muro"}}, {"type": "Feature", "geometry": {"type": "Polygon", "coordinates": [[[9.126600674183914, 42.56123731356435], [9.094163914167572, 42.56504416058443], [9.09080447613448, 42.57327903133388], [9.074554943785323, 42.57901188054185], [9.07041227823657, 42.58362986699817], [9.075318620711107, 42.61007624986309], [9.084889200568037, 42.6189536218387], [9.089116780169292, 42.63952415182889], [9.096345491749517, 42.64591964811348], [9.101327536378554, 42.636004414148964], [9.134835288778351, 42.60758108435184], [9.12643168664289, 42.588162926697926], [9.13381818264853, 42.569893394288414], [9.126600674183914, 42.56123731356435]]]}, "properties": {"code": "2B180", "nom": "Novella"}}, {"type": "Feature", "geometry": {"type": "Polygon", "coordinates": [[[9.42029196718169, 42.38510251611114], [9.402545610108184, 42.391439522530185], [9.388048189214066, 42.39147315064761], [9.389069025902575, 42.397913624660724], [9.391907275249594, 42.40428096256199], [9.41275085985903, 42.40067648877811], [9.424255220542548, 42.391274860189824], [9.42029196718169, 42.38510251611114]]]}, "properties": {"code": "2B217", "nom": "Piazzole"}}, {"type": "Feature", "geometry": {"type": "Polygon", "coordinates": [[[8.999540193769064, 41.66056387490257], [8.972056433781658, 41.65160964938903], [8.964723622984769, 41.656412250797786], [8.96948611337657, 41.68026148429561], [8.988105963952014, 41.689011078635176], [9.015670853256594, 41.67484555282969], [9.020882836721881, 41.669521195486766], [8.999540193769064, 41.66056387490257]]]}, "properties": {"code": "2A018", "nom": "Arbellara"}}, {"type": "Feature", "geometry": {"type": "Polygon", "coordinates": [[[9.221084024655989, 42.02759696053908], [9.215230285718876, 41.99363100830847], [9.22024262718855, 41.98962290545048], [9.223712116761607, 41.967509915082104], [9.222671306793305, 41.94945721103496], [9.197552636746604, 41.957162040509694], [9.192592952538195, 41.95271294807282], [9.166417307195568, 41.95406495257957], [9.161871258897268, 41.97704837164209], [9.15392635159559, 41.98144968685561], [9.160733804765979, 41.99869778921187], [9.146645804563075, 42.010702003876865], [9.160210627380897, 42.026791562160106], [9.188360582340385, 42.031081695137516], [9.221084024655989, 42.02759696053908]]]}, "properties": {"code": "2A200", "nom": "Palneca"}}, {"type": "Feature", "geometry": {"type": "Polygon", "coordinates": [[[9.078630666520656, 41.73154940214118], [9.056037857744705, 41.72091674143378], [9.057130315438966, 41.740941793448286], [9.050726594675577, 41.7476970019979], [9.035964503594963, 41.75013917433445], [9.026561202684949, 41.75182209243294], [9.024235113051011, 41.75837799220981], [9.034644992501393, 41.770762502558725], [9.051713418565289, 41.7644767319405], [9.072933652782778, 41.76150691958421], [9.082167624119792, 41.76447808916842], [9.083008156965132, 41.744971071664104], [9.078630666520656, 41.73154940214118]]]}, "properties": {"code": "2A357", "nom": "Zérubia"}}, {"type": "Feature", "geometry": {"type": "Polygon", "coordinates": [[[9.442239527223565, 42.47579129626878], [9.444618260297165, 42.48662354212647], [9.49198753582744, 42.51400621601754], [9.533107218163382, 42.52375001043486], [9.534349835602983, 42.52330394698691], [9.529584887655838, 42.4955795396026], [9.508124163365963, 42.49801210184723], [9.458839249845246, 42.47931649441359], [9.442239527223565, 42.47579129626878]]]}, "properties": {"code": "2B343", "nom": "Venzolasca"}}, {"type": "Feature", "geometry": {"type": "Polygon", "coordinates": [[[8.857165708421912, 42.330983086005205], [8.861675727165986, 42.32811167142221], [8.859024483697455, 42.29995020570288], [8.87520921911696, 42.29428830686922], [8.885872021664493, 42.28081907700972], [8.881944880968232, 42.27169116671868], [8.853460291101278, 42.25598144538023], [8.832830942896434, 42.25213417316139], [8.824504464161421, 42.24037217659576], [8.81320318095672, 42.239162846183305], [8.797581842439685, 42.239387028249176], [8.76774481306286, 42.251520307261], [8.783402138212418, 42.26747378091174], [8.767370463084147, 42.290946422356114], [8.770887277733078, 42.324764827713246], [8.790036214872794, 42.32596668237666], [8.819561377056067, 42.317558041882876], [8.857165708421912, 42.330983086005205]]]}, "properties": {"code": "2A108", "nom": "Évisa"}}, {"type": "Feature", "geometry": {"type": "Polygon", "coordinates": [[[9.101627673433788, 41.65909964121985], [9.086788327260127, 41.66277957628184], [9.084359595593964, 41.67349062996839], [9.091578896048555, 41.6810533557515], [9.081958707859599, 41.69860363153121], [9.094515945495754, 41.70626306425705], [9.100434014001678, 41.67953546417519], [9.095269961996516, 41.67065160627556], [9.101627673433788, 41.65909964121985]]]}, "properties": {"code": "2A158", "nom": "Mela"}}, {"type": "Feature", "geometry": {"type": "Polygon", "coordinates": [[[9.086568734889157, 41.584844720546315], [9.094814498378556, 41.57126154306984], [9.068641573634933, 41.54608388130721], [9.062733085297923, 41.533925261537966], [9.082742239184343, 41.514196457297835], [9.073606840272733, 41.504738723975926], [9.079938955232784, 41.47749015234812], [9.070287018379268, 41.47567232249914], [9.050832991953191, 41.45963841706254], [9.039677264505034, 41.46863417186722], [9.0227210321415, 41.46376611394031], [9.013907325442949, 41.47351911105508], [9.002998018033589, 41.47504622393474], [8.994792074305986, 41.48553818379133], [9.000028255953024, 41.497278024272326], [9.013408453886527, 41.50342719423312], [9.034112872847992, 41.505002137591745], [9.031911992476564, 41.52021277984645], [9.063261303599306, 41.54856545171745], [9.063875039523746, 41.56239943156223], [9.075764301760772, 41.57261838680251], [9.084020100983444, 41.58409181324439], [9.086568734889157, 41.584844720546315]]]}, "properties": {"code": "2A215", "nom": "Pianottoli-Caldarello"}}, {"type": "Feature", "geometry": {"type": "Polygon", "coordinates": [[[9.306240644995869, 42.50268378539402], [9.311259357615315, 42.50558787346695], [9.329492549768666, 42.505921565811576], [9.340736288834062, 42.48356373646294], [9.33304449340118, 42.46591342859397], [9.331247315154535, 42.455189896059814], [9.317852870662296, 42.47027019561155], [9.297768492790834, 42.48404925847881], [9.298598507196015, 42.49511914706907], [9.306240644995869, 42.50268378539402]]]}, "properties": {"code": "2B039", "nom": "Bisinchi"}}, {"type": "Feature", "geometry": {"type": "Polygon", "coordinates": [[[9.425237115549466, 42.30101170202872], [9.421186142542423, 42.28878614424826], [9.411792782350604, 42.295602948118564], [9.395775186604354, 42.29762444212839], [9.402822197413318, 42.31562144448348], [9.412934639351189, 42.31776131916807], [9.424163031703602, 42.30992267216216], [9.425237115549466, 42.30101170202872]]]}, "properties": {"code": "2B179", "nom": "Novale"}}, {"type": "Feature", "geometry": {"type": "Polygon", "coordinates": [[[9.328671897150707, 42.36262648859481], [9.32492273804387, 42.37662767849662], [9.326845519787431, 42.39123818192792], [9.344626327837043, 42.38246853577273], [9.360589006888933, 42.369891010376854], [9.331337076380771, 42.35984376736953], [9.328671897150707, 42.36262648859481]]]}, "properties": {"code": "2B222", "nom": "Pie-d'Orezza"}}, {"type": "Feature", "geometry": {"type": "Polygon", "coordinates": [[[8.93883724254658, 41.5800954306301], [8.945991719676343, 41.59985372093635], [8.969745760198544, 41.598055534087095], [8.981702584150955, 41.582227220710536], [8.947607436893128, 41.571890265657736], [8.93883724254658, 41.5800954306301]]]}, "properties": {"code": "2A127", "nom": "Giuncheto"}}, {"type": "Feature", "geometry": {"type": "Polygon", "coordinates": [[[8.698515306180862, 42.22833833639776], [8.701141664504997, 42.242370321313985], [8.688004323628785, 42.247067058394805], [8.688916857419743, 42.263453002076844], [8.690552617165094, 42.27491675321379], [8.737906762700641, 42.27972922783713], [8.74950768973924, 42.27849773458054], [8.767370463084147, 42.290946422356114], [8.783402138212418, 42.26747378091174], [8.76774481306286, 42.251520307261], [8.755745944911158, 42.24654915922631], [8.751499747312023, 42.23220912769963], [8.738149511611091, 42.21932640901401], [8.698515306180862, 42.22833833639776]]]}, "properties": {"code": "2A198", "nom": "Ota"}}, {"type": "Feature", "geometry": {"type": "Polygon", "coordinates": [[[9.013644772697358, 41.89635761681273], [8.988365760938436, 41.90022823500386], [8.988008076742435, 41.90892451712758], [9.000205451351677, 41.911682171423216], [9.022461383776655, 41.92844269806703], [9.026033136032764, 41.91477812301089], [9.013644772697358, 41.89635761681273]]]}, "properties": {"code": "2A253", "nom": "Quasquara"}}, {"type": "Feature", "geometry": {"type": "Polygon", "coordinates": [[[8.855768729419703, 42.59764934667557], [8.847486307598784, 42.60921900378005], [8.867394093155887, 42.60839659562364], [8.855768729419703, 42.59764934667557]]]}, "properties": {"code": "2B010", "nom": "Algajola"}}, {"type": "Feature", "geometry": {"type": "Polygon", "coordinates": [[[8.724756680299254, 42.342174859984766], [8.715164693117954, 42.34731408789375], [8.683479612022113, 42.34803124937012], [8.681978477481065, 42.358460918374824], [8.650412807593723, 42.36235593170432], [8.640801666424288, 42.373436353833], [8.61002239547964, 42.37359622508705], [8.594967598626758, 42.370442888773276], [8.586922907501375, 42.37895753591758], [8.573411068108614, 42.38140571205032], [8.608843089791446, 42.38638181068826], [8.602898346992484, 42.40069823953994], [8.608416359783904, 42.416821214088685], [8.623443614293404, 42.421015734058656], [8.655230123620207, 42.41573523388247], [8.662219072439548, 42.42629465927522], [8.667319571668559, 42.444884953312595], [8.665518103711364, 42.45704117250252], [8.679451771403478, 42.467282321865575], [8.685557920341855, 42.46261249640932], [8.719067346543444, 42.45671239863521], [8.72795482539764, 42.446631694788465], [8.740399824981354, 42.44591161754855], [8.760979924911314, 42.45968422858321], [8.772183456758148, 42.46195244998201], [8.791820676962793, 42.45547797728534], [8.800922051212872, 42.44675336857927], [8.803438129960238, 42.432033100369594], [8.834891612612399, 42.423165376275875], [8.838316952532917, 42.41897560411348], [8.82896653347492, 42.41609045509004], [8.814167465664289, 42.40171372529189], [8.789991179266668, 42.39887790399225], [8.781578219241212, 42.40589672653785], [8.755330739334292, 42.404742746123084], [8.729013142134175, 42.409056485549584], [8.718323531265659, 42.39240981900481], [8.74932709665994, 42.386493345676655], [8.744871855544577, 42.36899858633548], [8.7349588707167, 42.36123402604198], [8.724756680299254, 42.342174859984766]]]}, "properties": {"code": "2B121", "nom": "Galéria"}}, {"type": "Feature", "geometry": {"type": "Polygon", "coordinates": [[[9.396953269986655, 42.45478594681427], [9.408487477928272, 42.447255827150904], [9.404624153365571, 42.43069630670286], [9.396499761063712, 42.42676632195514], [9.384066953971654, 42.44152752417387], [9.391531691613885, 42.4494302056933], [9.396953269986655, 42.45478594681427]]]}, "properties": {"code": "2B214", "nom": "Piano"}}, {"type": "Feature", "geometry": {"type": "Polygon", "coordinates": [[[8.807517537222784, 42.00928581420777], [8.789407485553832, 42.00741464504318], [8.77816533811288, 42.00105725481212], [8.789771333006506, 41.98008074125578], [8.788208220698444, 41.969473481418014], [8.771483816843999, 41.98897273709087], [8.74909574125202, 41.993157027685456], [8.721290496147859, 41.99282859888763], [8.693100562468128, 41.98627126216505], [8.669040647143778, 41.9901771325816], [8.657570400200107, 41.99344010429915], [8.656559105024488, 42.00401502169866], [8.674374246417552, 42.00653698160342], [8.703866481697466, 42.01884881900422], [8.731516035300903, 42.023406850555716], [8.744617801370467, 42.01869142263232], [8.777920749315596, 42.01958337930406], [8.79630546613279, 42.02359479482515], [8.80308008406375, 42.01279076982745], [8.807517537222784, 42.00928581420777]]]}, "properties": {"code": "2A017", "nom": "Appietto"}}, {"type": "Feature", "geometry": {"type": "Polygon", "coordinates": [[[8.999540193769064, 41.66056387490257], [9.020882836721881, 41.669521195486766], [9.028194721000284, 41.67207444218567], [9.039133404287227, 41.68894776993274], [9.046357896675563, 41.70035946081118], [9.062936972860703, 41.69285174869238], [9.020919946223529, 41.639940449349524], [9.015366296678632, 41.65214748423871], [9.001174824342153, 41.65194116904213], [8.999540193769064, 41.66056387490257]]]}, "properties": {"code": "2A191", "nom": "Olmiccia"}}, {"type": "Feature", "geometry": {"type": "Polygon", "coordinates": [[[9.408283050473976, 42.46335720890169], [9.40478367756018, 42.46864987023753], [9.411393399433475, 42.48617215365597], [9.417960409769062, 42.4919769424208], [9.444618260297165, 42.48662354212647], [9.442239527223565, 42.47579129626878], [9.43564794315888, 42.46419490516553], [9.408283050473976, 42.46335720890169]]]}, "properties": {"code": "2B145", "nom": "Loreto-di-Casinca"}}, {"type": "Feature", "geometry": {"type": "Polygon", "coordinates": [[[9.32755747617928, 42.44384864442805], [9.341090118590875, 42.43807408126895], [9.360112768267893, 42.4432689950465], [9.373164560010984, 42.43835759267505], [9.356839032725578, 42.43143479564391], [9.326398962939924, 42.435071244994155], [9.32755747617928, 42.44384864442805]]]}, "properties": {"code": "2B241", "nom": "Poggio-Marinaccio"}}, {"type": "Feature", "geometry": {"type": "Polygon", "coordinates": [[[9.380544631680738, 42.502856777797604], [9.370317977520157, 42.48455720580527], [9.355789490971352, 42.47948256917763], [9.340736288834062, 42.48356373646294], [9.329492549768666, 42.505921565811576], [9.334993176460017, 42.50595521394766], [9.348390008370997, 42.51055945746626], [9.369580108918667, 42.505244793912574], [9.384629119925156, 42.509881086828486], [9.380544631680738, 42.502856777797604]]]}, "properties": {"code": "2B054", "nom": "Campile"}}, {"type": "Feature", "geometry": {"type": "Polygon", "coordinates": [[[9.390126376206739, 42.4161384126103], [9.389042030649337, 42.408565358595624], [9.38060216982561, 42.40851145841876], [9.363713757547854, 42.41811916378118], [9.361042326712198, 42.42699920967275], [9.37580927057309, 42.43359087747091], [9.396499761063712, 42.42676632195514], [9.390126376206739, 42.4161384126103]]]}, "properties": {"code": "2B113", "nom": "Ficaja"}}, {"type": "Feature", "geometry": {"type": "Polygon", "coordinates": [[[8.99789444783103, 42.33409894579257], [8.96445529087656, 42.3368921840755], [8.94578437300789, 42.36373077426726], [8.929641438907494, 42.3729926721591], [8.970426829157043, 42.39145052428274], [8.97841246652822, 42.39153361713159], [9.017999838403018, 42.37198363064556], [9.017949264621688, 42.357680989183066], [9.025096182285617, 42.352615667948974], [8.99789444783103, 42.33409894579257]]]}, "properties": {"code": "2B147", "nom": "Lozzi"}}, {"type": "Feature", "geometry": {"type": "Polygon", "coordinates": [[[9.46456541798329, 42.47551083640282], [9.467456768314555, 42.4638988042295], [9.47907239659426, 42.45979191307124], [9.507819375398492, 42.462087253875985], [9.536057443705, 42.47046758690006], [9.540461734438257, 42.4610688712624], [9.540875056271668, 42.441614935280924], [9.506326965694038, 42.44029741938015], [9.495262063144375, 42.44383276962223], [9.462210040779569, 42.44611635892556], [9.446607539452664, 42.458102106415446], [9.436081546532538, 42.4605070237416], [9.43564794315888, 42.46419490516553], [9.46456541798329, 42.47551083640282]]]}, "properties": {"code": "2B207", "nom": "Penta-di-Casinca"}}]}